article_id,authors,year,month,title,doi,journal,volume,issue,page_number
2019-30-9-1383,"Michał_Białek, Martin Harry_Turpin, Jonathan A._Fugelsang",2019,Sep,"What Is the Right Question for Moral Psychology to Answer? Commentary on Bostyn, Sevenhant, and Roets (2018)",10.1177/0956797618815171,Psychological Science,30,9,1383-1385
2019-30-7-1099,Joseph_Hilgard,2019,Jul,Comment on Yoon and Vargas (2014): An Implausibly Large Effect From Implausibly Invariant Data,10.1177/0956797618815434,Psychological Science,30,7,1099-1102
2019-30-9-1380,"Anthony M._Evans, Mark J._Brandt",2019,Sep,"Comparing the Effects of Hypothetical Moral Preferences on Real-Life and Hypothetical Behavior: Commentary on Bostyn, Sevenhant, and Roets (2018)",10.1177/0956797618815482,Psychological Science,30,9,1380-1382
2019-30-9-1386,"Andrew M._Colman, Natalie_Gold, Briony D._Pulford",2019,Sep,"Comparing Hypothetical and Real-Life Trolley Problems: Commentary on Bostyn, Sevenhant, and Roets (2018)",10.1177/0956797619827880,Psychological Science,30,9,1386-1388
2019-30-9-1389,"Dillon_Plunkett, Joshua D._Greene",2019,Sep,"Overlooked Evidence and a Misunderstanding of What Trolley Dilemmas Do Best: Commentary on Bostyn, Sevenhant, and Roets (2018)",10.1177/0956797619827914,Psychological Science,30,9,1389-1391
2019-30-9-1397,"Patricia J._Bauer, Lynne_Baker-Ward, Peter_Krøjgaard, Carole_Peterson, Qi_Wang",2019,Sep,"Evidence Against Depiction as Fiction: A Comment on “Fictional First Memories” (Akhtar, Justice, Morrison, & Conway, 2018)",10.1177/0956797619834510,Psychological Science,30,9,1397-1399
2019-30-7-1097,Charles_Hulme,2019,Jul,Mind the (Inferential) Gap: Giles et al. (2018) Provide No Convincing Evidence for a Causal Relationship Between Interceptive-Timing Ability and Arithmetic Attainment,10.1177/0956797619834513,Psychological Science,30,7,1097-1098
2020-31-1-97,"Sabine_Doebel, Laura E._Michaelson, Yuko_Munakata",2020,Jan,"Good Things Come to Those Who Wait: Delaying Gratification Likely Does Matter for Later Achievement (A Commentary on Watts, Duncan, & Quan, 2018)",10.1177/0956797619839045,Psychological Science,31,1,97-99
2019-30-9-1403,"Mike E._Le Pelley, Ben R._Newell, Robert M._Nosofsky",2019,Sep,Deferred Feedback Does Not Dissociate Implicit and Explicit Category-Learning Systems: Commentary on Smith et al. (2014),10.1177/0956797619841264,Psychological Science,30,9,1403-1409
2019-30-8-1245,"Rogier A._Kievit, Abe D._Hofman, Kate_Nation",2019,Aug,Mutualistic Coupling Between Vocabulary and Reasoning in Young Children: A Replication and Extension of the Study by Kievit et al. (2017),10.1177/0956797619841265,Psychological Science,30,8,1245-1252
2019-30-7-989,"Evelina_Thunell, Simon J._Thorpe",2019,Jul,Memory for Repeated Images in Rapid-Serial-Visual-Presentation Streams of Thousands of Images,10.1177/0956797619842251,Psychological Science,30,7,989-1000
2019-30-7-1001,"Erik M._Mueller, Matthias F. J._Sperl, Christian_Panitz",2019,Jul,Aversive Imagery Causes De Novo Fear Conditioning,10.1177/0956797619842261,Psychological Science,30,7,1001-1015
2019-30-7-963,"Bradley R._King, Nina_Dolfen, Mareike A._Gann, Zenzi_Renard, Stephan P._Swinnen, Genevieve_Albouy",2019,Jul,Schema and Motor-Memory Consolidation,10.1177/0956797619847164,Psychological Science,30,7,963-978
2019-30-7-1082,"Bilge_Sayim, Henry_Taylor",2019,Jul,Letters Lost: Capturing Appearance in Crowded Peripheral Vision Reveals a New Kind of Masking,10.1177/0956797619847166,Psychological Science,30,7,1082-1086
2019-30-7-1040,"Gene H._Brody, Tianyi_Yu, Robin_Nusslock, Allen W._Barton, Gregory E._Miller, Edith_Chen, Christopher_Holmes, Michael_McCormick, Lawrence H._Sweet",2019,Jul,The Protective Effects of Supportive Parenting on the Relationship Between Adolescent Poverty and Resting-State Functional Brain Connectivity During Adulthood,10.1177/0956797619847989,Psychological Science,30,7,1040-1049
2019-30-7-979,"David_DeSteno, Fred_Duong, Daniel_Lim, Shanyu_Kates",2019,Jul,The Grateful Don’t Cheat: Gratitude as a Fount of Virtue,10.1177/0956797619848351,Psychological Science,30,7,979-988
2019-30-7-1087,"Joe J._Gladstone, Sandra C._Matz, Alain_Lemaire",2019,Jul,Can Psychological Traits Be Inferred From Spending? Evidence From Transaction Data,10.1177/0956797619849435,Psychological Science,30,7,1087-1096
2019-30-7-1030,"Michael_Daly, Angelina R._Sutin, Eric_Robinson",2019,Jul,Perceived Weight Discrimination Mediates the Prospective Association Between Obesity and Physiological Dysregulation: Evidence From a Population-Based Cohort,10.1177/0956797619849440,Psychological Science,30,7,1030-1039
2019-30-7-1016,"Sasha L._Sommerfeldt, Stacey M._Schaefer, Markus_Brauer, Carol D._Ryff, Richard J._Davidson",2019,Jul,Individual Differences in the Association Between Subjective Stress and Heart Rate Are Related to Psychological and Physical Well-Being,10.1177/0956797619849555,Psychological Science,30,7,1016-1029
2019-30-8-1111,"Jordi_Quoidbach, Maxime_Taquet, Martin_Desseilles, Yves-Alexandre_de Montjoye, James J._Gross",2019,Aug,Happiness and Social Behavior,10.1177/0956797619849666,Psychological Science,30,8,1111-1122
2019-30-7-1050,"Emil_Persson, Erkin_Asutay, Markus_Heilig, Andreas_Löfberg, Nancy_Pedersen, Daniel_Västfjäll, Gustav_Tinghög",2019,Jul,Variation in the μ-Opioid Receptor Gene (OPRM1) Does Not Moderate Social-Rejection Sensitivity in Humans,10.1177/0956797619849894,Psychological Science,30,7,1050-1062
2019-30-7-1074,"Dawei_Wang, Krishnan_Nair, Maryam_Kouchaki, Edward J._Zajac, Xiuxi_Zhao",2019,Jul,A Case of Evolutionary Mismatch? Why Facial Width-to-Height Ratio May Not Predict Behavioral Tendencies,10.1177/0956797619849928,Psychological Science,30,7,1074-1081
2019-30-7-1063,"Jackleen E._Leed, Lisa K._Chinn, Jeffrey J._Lockman",2019,Jul,Reaching to the Self: The Development of Infants’ Ability to Localize Targets on the Body,10.1177/0956797619850168,Psychological Science,30,7,1063-1073
2019-30-7-1103,"Leslie K._John, Grant E._Donnelly, Christina A._Roberto",2019,Jul,Using Behavioral Science To Inform Policies Limiting Sugary-Drink Portions: Reply to Wilson and Stolarz-Fantino (2018),10.1177/0956797619851731,Psychological Science,30,7,1103-1105
2019-30-8-1161,"Reinoud_Kaldewaij, Saskia B. J._Koch, Wei_Zhang, Mahur M._Hashemi, Floris_Klumpers, Karin_Roelofs",2019,Aug,High Endogenous Testosterone Levels Are Associated With Diminished Neural Emotional Control in Aggressive Police Recruits,10.1177/0956797619851753,Psychological Science,30,8,1161-1173
2019-30-8-1123,"Kathrin_Simon-Kutscher, Nadine_Wanke, Carlo_Hiller, Lars_Schwabe",2019,Aug,Fear Without Context: Acute Stress Modulates the Balance of Cue-Dependent and Contextual Fear Learning,10.1177/0956797619852027,Psychological Science,30,8,1123-1135
2019-30-9-1259,"Nina_Thigpen, Nathan M._Petro, Jessica_Oschwald, Klaus_Oberauer, Andreas_Keil",2019,Sep,Selection of Visual Objects in Perception and Working Memory One at a Time,10.1177/0956797619854067,Psychological Science,30,9,1259-1272
2019-30-8-1136,"Andrew_Luttrell, Aviva_Philipp-Muller, Richard E._Petty",2019,Aug,Challenging Moral Attitudes With Moral Messages,10.1177/0956797619854706,Psychological Science,30,8,1136-1150
2019-30-8-1234,"Steven M._Kogan, Dayoung_Bae, Junhan_Cho, Alicia K._Smith, Shota_Nishitani",2019,Aug,"Childhood Adversity, Socioeconomic Instability, Oxytocin-Receptor-Gene Methylation, and Romantic-Relationship Support Among Young African American Men",10.1177/0956797619854735,Psychological Science,30,8,1234-1244
2019-30-9-1273,"Nadia_Chernyak, Kristin L._Leimgruber, Yarrow C._Dunham, Jingshi_Hu, Peter R._Blake",2019,Sep,Paying Back People Who Harmed Us but Not People Who Helped Us: Direct Negative Reciprocity Precedes Direct Positive Reciprocity in Early Development,10.1177/0956797619854975,Psychological Science,30,9,1273-1286
2019-30-8-1151,"Joshua_Rottman, Liane_Young",2019,Aug,Specks of Dirt and Tons of Pain: Dosage Distinguishes Impurity From Harm,10.1177/0956797619855382,Psychological Science,30,8,1151-1160
2019-30-8-1186,"Lauren D._Brumley, Michael A._Russell, Sara R._Jaffee",2019,Aug,College Expectations Promote College Attendance: Evidence From a Quasiexperimental Sibling Study,10.1177/0956797619855385,Psychological Science,30,8,1186-1194
2019-30-8-1174,"Poppy_Watson, Daniel_Pearson, Michelle_Chow, Jan_Theeuwes, Reinout W._Wiers, Steven B._Most, Mike E._Le Pelley",2019,Aug,Capture and Control: Working Memory Modulates Attentional Capture by Reward-Related Stimuli,10.1177/0956797619855964,Psychological Science,30,8,1174-1185
2019-30-9-1318,"Siobhán_Harty, Roi_Cohen Kadosh",2019,Sep,Suboptimal Engagement of High-Level Cortical Regions Predicts Random-Noise-Related Gains in Sustained Attention,10.1177/0956797619856658,Psychological Science,30,9,1318-1332
2019-30-8-1195,"Sami R._Yousif, Rosie_Aboody, Frank C._Keil",2019,Aug,The Illusion of Consensus: A Failure to Distinguish Between True and False Consensus,10.1177/0956797619856844,Psychological Science,30,8,1195-1204
2019-30-8-1218,"Junyi_Dai, Thorsten_Pachur, Timothy J._Pleskac, Ralph_Hertwig",2019,Aug,What the Future Holds and When: A Description–Experience Gap in Intertemporal Choice,10.1177/0956797619858969,Psychological Science,30,8,1218-1233
2019-30-9-1352,"Mireia_Hernández, María-Ángeles_Palomar-García, Benito_Nohales-Nieto, Gustau_Olcina-Sempere, Esteban_Villar-Rodríguez, Raúl_Pastor, César_Ávila, Maria-Antònia_Parcet",2019,Sep,Separate Contribution of Striatum Volume and Pitch Discrimination to Individual Differences in Music Reward,10.1177/0956797619859339,Psychological Science,30,9,1352-1361
2019-30-8-1205,"Zhi_Li, Yi_Wang, Chao_Yan, Eric F. C._Cheung, Anna R._Docherty, Pak C._Sham, Raquel E._Gur, Ruben C._Gur, Raymond C. K._Chan",2019,Aug,Inheritance of Neural Substrates for Motivation and Pleasure,10.1177/0956797619859340,Psychological Science,30,8,1205-1217
2019-30-10-1434,"Jianfei_Guo, Joo-Hyun_Song",2019,Oct,Action Fluency Facilitates Perceptual Discrimination,10.1177/0956797619859361,Psychological Science,30,10,1434-1448
2019-30-9-1303,"Vencislav_Popov, Ivan_Marevic, Jan_Rummel, Lynne M._Reder",2019,Sep,"Forgetting Is a Feature, Not a Bug: Intentionally Forgetting Some Things Helps Us Remember Others by Freeing Up Working Memory Resources",10.1177/0956797619859531,Psychological Science,30,9,1303-1317
2019-30-9-1371,"Anne-Laure_Sellier, Irene_Scopelliti, Carey K._Morewedge",2019,Sep,Debiasing Training Improves Decision Making in the Field,10.1177/0956797619861429,Psychological Science,30,9,1371-1379
2019-30-9-1333,"Naomi_Havron, Franck_Ramus, Barbara_Heude, Anne_Forhan, Alejandrina_Cristia, Hugo_Peyre, I._Annesi-Maesano, J. Y._Bernard, J._Botton, M. A._Charles, P._Dargent-Molina, B._de Lauzon-Guillain, P._Ducimetière, M._De Agostini, B._Foliguet, A._Forhan, X._Fritel, A._Germa, V._Goua, R._Hankard, B._Heude, M._Kaminski, B._Larroque, N._Lelong, J._Lepeule, G._Magnin, L._Marchand, C._Nabet, F._Pierre, R._Slama, M. J._Saurel-Cubizolles, M._Schweitzer, O._Thiebaugeorges, NA_NA",2019,Sep,The Effect of Older Siblings on Language Development as a Function of Age Difference and Sex,10.1177/0956797619861436,Psychological Science,30,9,1333-1343
2020-31-1-100,"Armin_Falk, Fabian_Kosse, Pia_Pinger",2020,Jan,"Re-Revisiting the Marshmallow Test: A Direct Comparison of Studies by Shoda, Mischel, and Peake (1990) and Watts, Duncan, and Quan (2018)",10.1177/0956797619861720,Psychological Science,31,1,100-104
2019-30-9-1344,"Tenaha_O’Reilly, Zuowei_Wang, John_Sabatini",2019,Sep,How Much Knowledge Is Too Little? When a Lack of Knowledge Becomes a Barrier to Comprehension,10.1177/0956797619862276,Psychological Science,30,9,1344-1351
2019-30-11-1648,"Joan Danielle K._Ongchoco, Brian J._Scholl",2019,Nov,How to Create Objects With Your Mind: From Object-Based Attention to Attention-Based Objects,10.1177/0956797619863072,Psychological Science,30,11,1648-1655
2019-30-11-1561,"Eric_Schulz, Charley M._Wu, Azzurra_Ruggeri, Björn_Meder",2019,Nov,Searching for Rewards Like a Child Means Less Generalization and More Directed Exploration,10.1177/0956797619863663,Psychological Science,30,11,1561-1572
2019-30-11-1573,"Kirby_Deater-Deckard, Mengjiao_Li, Jacob_Lee, Brooks_King-Casas, Jungmeen_Kim-Spoon",2019,Nov,Poverty and Puberty: A Neurocognitive Study of Inhibitory Control in the Transition to Adolescence,10.1177/0956797619863780,Psychological Science,30,11,1573-1583
2019-30-10-1413,"Aidan G. C._Wright, Kasey G._Creswell, Janine D._Flory, Matthew F._Muldoon, Stephen B._Manuck",2019,Oct,Neurobiological Functioning and the Personality-Trait Hierarchy: Central Serotonergic Responsivity and the Stability Metatrait,10.1177/0956797619864530,Psychological Science,30,10,1413-1423
2019-30-10-1424,"Nathalie_klein Selle, Naama_Agari, Gershon_Ben-Shakhar",2019,Oct,Hide or Seek? Physiological Responses Reflect Both the Decision and the Attempt to Conceal Information,10.1177/0956797619864598,Psychological Science,30,10,1424-1433
2019-30-9-1287,"Benjamin D._Jee, Florencia K._Anggoro",2019,Sep,Relational Scaffolding Enhances Children’s Understanding of Scientific Models,10.1177/0956797619864601,Psychological Science,30,9,1287-1302
2019-30-10-1449,"Gillian_Murphy, Elizabeth F._Loftus, Rebecca Hofstein_Grady, Linda J._Levine, Ciara M._Greene",2019,Oct,False Memories for Fake News During Ireland’s Abortion Referendum,10.1177/0956797619864887,Psychological Science,30,10,1449-1459
2019-30-9-1362,"Pieter_Van Dessel, Jan_De Houwer",2019,Sep,Hypnotic Suggestions Can Induce Rapid Change in Implicit Attitudes,10.1177/0956797619865183,Psychological Science,30,9,1362-1370
2019-30-9-1392,"Dries H._Bostyn, Arne_Roets",2019,Sep,"Should Trolleys Be Scared of Mice? Replies to Evans and Brandt (2019); Białek, Turpin, and Fugelsang (2019); Colman, Gold, and Pulford (2019); and Plunkett and Greene (2019)",10.1177/0956797619865236,Psychological Science,30,9,1392-1396
2019-30-10-1473,"Suddha_Sourav, Ramesh_Kekunnaya, Idris_Shareef, Seema_Banerjee, Davide_Bottari, Brigitte_Röder",2019,Oct,A Protracted Sensitive Period Regulates the Development of Cross-Modal Sound–Shape Associations in Humans,10.1177/0956797619866625,Psychological Science,30,10,1473-1482
2020-31-6-741,"Daniel W._Heck, Isabel_Thielmann, Sina A._Klein, Benjamin E._Hilbig",2020,Jun,"On the Limited Generality of Air Pollution and Anxiety as Causal Determinants of Unethical Behavior: Commentary on Lu, Lee, Gino, and Galinsky (2018)",10.1177/0956797619866627,Psychological Science,31,6,741-747
2019-30-10-1483,"Liuba_Papeo, Nicolas_Goupil, Salvador_Soto-Faraco",2019,Oct,Visual Search for People Among People,10.1177/0956797619867295,Psychological Science,30,10,1483-1496
2019-30-11-1584,"John_Protzko, Claire M._Zedelius, Jonathan W._Schooler",2019,Nov,Rushing to Appear Virtuous: Time Pressure Increases Socially Desirable Responding,10.1177/0956797619867939,Psychological Science,30,11,1584-1591
2019-30-10-1510,"Rita M._Ludwig, Sanjay_Srivastava, Elliot T._Berkman",2019,Oct,Predicting Exercise With a Personality Facet: Planfulness and Goal Achievement,10.1177/0956797619868812,Psychological Science,30,10,1510-1521
2019-30-9-1400,"Shazia_Akhtar, Lucy V._Justice, Catriona M._Morrison, Martin A._Conway, Mark L._Howe",2019,Sep,"What Are Autobiographical Memories? A Reply to Bauer, Baker-Ward, Krøjgaard, Peterson, and Wang (2019)",10.1177/0956797619868994,Psychological Science,30,9,1400-1402
2019-30-10-1460,"Juliana E._French, Emma E._Altgelt, Andrea L._Meltzer",2019,Oct,The Implications of Sociosexuality for Marital Satisfaction and Dissolution,10.1177/0956797619868997,Psychological Science,30,10,1460-1472
2019-30-11-1592,"Samantha M. W._Wood, Scott P._Johnson, Justin N._Wood",2019,Nov,Automated Study Challenges the Existence of a Foundational Statistical-Learning Ability in Newborn Chicks,10.1177/0956797619868998,Psychological Science,30,11,1592-1602
2019-30-10-1522,"Tomohiro_Amemiya, Yasushi_Ikei, Michiteru_Kitazaki",2019,Oct,Remapping Peripersonal Space by Using Foot-Sole Vibrations Without Any Body Movement,10.1177/0956797619869337,Psychological Science,30,10,1522-1532
2019-30-10-1497,"Surya_Gayet, Marius V._Peelen",2019,Oct,Scenes Modulate Object Processing Before Interacting With Memory Templates,10.1177/0956797619869905,Psychological Science,30,10,1497-1509
2019-30-10-1533,"Amit_Yashar, Xiuyun_Wu, Jiageng_Chen, Marisa_Carrasco",2019,Oct,Crowding and Binding: Not All Feature Dimensions Behave in the Same Way,10.1177/0956797619870779,Psychological Science,30,10,1533-1546
2019-30-11-1603,"Bradley P._Turnwald, Jaclyn D._Bertoldo, Margaret A._Perry, Peggy_Policastro, Maureen_Timmons, Christopher_Bosso, Priscilla_Connors, Robert T._Valgenti, Lindsey_Pine, Ghislaine_Challamel, Christopher D._Gardner, Alia J._Crum",2019,Nov,Increasing Vegetable Intake by Emphasizing Tasty and Enjoyable Attributes: A Randomized Controlled Multisite Intervention for Taste-Focused Labeling,10.1177/0956797619872191,Psychological Science,30,11,1603-1615
2019-30-10-1547,"Zhi_Li, Keyun_Xin, Jiafei_Lou, Zeyu_Li",2019,Oct,Visual Search May Not Require Target Representation in Working Memory or Long-Term Memory,10.1177/0956797619872749,Psychological Science,30,10,1547-1555
2020-31-3-338,"Sarah S._Richardson, Meredith W._Reiches, Joe_Bruch, Marion_Boulicault, Nicole E._Noll, Heather_Shattuck-Heidorn",2020,Mar,"Is There a Gender-Equality Paradox in Science, Technology, Engineering, and Math (STEM)? Commentary on the Study by Stoet and Geary (2018)",10.1177/0956797619872762,Psychological Science,31,3,338-341
2019-30-11-1616,"Kristin E. G._Sanders, Samuel_Osburn, Ken A._Paller, Mark_Beeman",2019,Nov,Targeted Memory Reactivation During Sleep Improves Next-Day Problem Solving,10.1177/0956797619873344,Psychological Science,30,11,1616-1624
2019-30-11-1625,"Stefanie_Sprong, Jolanda_Jetten, Zhechen_Wang, Kim_Peters, Frank_Mols, Maykel_Verkuyten, Brock_Bastian, Amarina_Ariyanto, Frédérique_Autin, Nadia_Ayub, Constantina_Badea, Tomasz_Besta, Fabrizio_Butera, Rui_Costa-Lopes, Lijuan_Cui, Carole_Fantini, Gillian_Finchilescu, Lowell_Gaertner, Mario_Gollwitzer, Ángel_Gómez, Roberto_González, Ying-Yi_Hong, Dorthe Høj_Jensen, Inga_Jasinskaja-Lahti, Minoru_Karasawa, Thomas_Kessler, Olivier_Klein, Marcus_Lima, Laura_Mégevand, Thomas_Morton, Paola_Paladino, Tibor_Polya, Tuuli Anna_Renvik, Aleksejs_Ruza, Wan_Shahrazad, Sushama_Shama, Heather J._Smith, Ana Raquel_Torres, Anne Marthe_van der Bles, Michael J. A._Wohl",2019,Nov,“Our Country Needs a Strong Leader Right Now”: Economic Inequality Enhances the Wish for a Strong Leader,10.1177/0956797619875472,Psychological Science,30,11,1625-1637
2019-30-11-1638,"Tom_Heyman, Anne-Sofie_Maerten, Hendrik_Vankrunkelsven, Wouter_Voorspoels, Pieter_Moors",2019,Nov,Sound-Symbolism Effects in the Absence of Awareness: A Replication Study,10.1177/0956797619875482,Psychological Science,30,11,1638-1647
2019-30-11-1656,"Moritz_Köster, Miriam_Langeloh, Stefanie_Hoehl",2019,Nov,Visually Entrained Theta Oscillations Increase for Unexpected Events in the Infant Brain,10.1177/0956797619876260,Psychological Science,30,11,1656-1663
2019-30-12-1674,"Sarah_Molouki, David J._Hardisty, Eugene M._Caruso",2019,Dec,The Sign Effect in Past and Future Discounting,10.1177/0956797619876982,Psychological Science,30,12,1674-1695
2020-31-1-6,"Elise A._Piazza, Liat_Hasenfratz, Uri_Hasson, Casey_Lew-Williams",2020,Jan,Infant and Adult Brains Are Coupled to the Dynamics of Natural Communication,10.1177/0956797619878698,Psychological Science,31,1,6-17
2019-30-12-1724,"Seah_Chang, Howard E._Egeth",2019,Dec,Enhancement and Suppression Flexibly Guide Attention,10.1177/0956797619878813,Psychological Science,30,12,1724-1732
2020-31-1-18,"Ivuoma N._Onyeador, Natalie M._Wittlin, Sara E._Burke, John F._Dovidio, Sylvia P._Perry, Rachel R._Hardeman, Liselotte N._Dyrbye, Jeph_Herrin, Sean M._Phelan, Michelle_van Ryn",2020,Jan,The Value of Interracial Contact for Reducing Anti-Black Bias Among Non-Black Physicians: A Cognitive Habits and Growth Evaluation (CHANGE) Study Report,10.1177/0956797619879139,Psychological Science,31,1,18-30
2019-30-12-1696,"Chi T._Ngo, Aidan J._Horner, Nora S._Newcombe, Ingrid R._Olson",2019,Dec,Development of Holistic Episodic Recollection,10.1177/0956797619879441,Psychological Science,30,12,1696-1706
2019-30-12-1733,"Lauren_Eskreis-Winkler, Ayelet_Fishbach",2019,Dec,Not Learning From Failure—the Greatest Failure of All,10.1177/0956797619881133,Psychological Science,30,12,1733-1744
2019-30-12-1707,"Aakash_Agrawal, K. V. S._Hari, S. P._Arun",2019,Dec,Reading Increases the Compositionality of Visual Word Representations,10.1177/0956797619881134,Psychological Science,30,12,1707-1723
2020-31-4-424,"Julia_Stern, Tanja M._Gerlach, Lars_Penke",2020,Apr,Probing Ovulatory-Cycle Shifts in Women’s Preferences for Men’s Behaviors,10.1177/0956797619882022,Psychological Science,31,4,424-436
2019-30-12-1745,"Maryam_Kouchaki, Francesca_Gino, Yuval_Feldman",2019,Dec,"The Ethical Perils of Personal, Communal Relations: A Language Perspective",10.1177/0956797619882917,Psychological Science,30,12,1745-1766
2019-30-12-1767,"Jared M._Hotaling, Andreas_Jarvstad, Chris_Donkin, Ben R._Newell",2019,Dec,How to Change the Weight of Rare Events in Decisions From Experience,10.1177/0956797619884324,Psychological Science,30,12,1767-1779
2020-31-7-890,"Erik L._Knight, Blakeley B._McShane, Hana H._Kutlikova, Pablo J._Morales, Colton B._Christian, William T._Harbaugh, Ulrich_Mayr, Triana L._Ortiz, Kimberly_Gilbert, Christine_Ma-Kellams, Igor_Riečanský, Neil V._Watson, Christoph_Eisenegger, Claus_Lamm, Pranjal H._Mehta, Justin M._Carré",2020,Jul,"Weak and Variable Effects of Exogenous Testosterone on Cognitive Reflection Test Performance in Three Experiments: Commentary on Nave, Nadler, Zava, and Camerer (2017)",10.1177/0956797619885607,Psychological Science,31,7,890-897
2019-30-12-1780,"Erika M._Manczak, Ian H._Gotlib",2019,Dec,Lipid Profiles at Birth Predict Teacher-Rated Child Emotional and Social Development 5 Years Later,10.1177/0956797619885649,Psychological Science,30,12,1780-1789
2020-31-1-31,Jeff_Moher,2020,Jan,Distracting Objects Induce Early Quitting in Visual Search,10.1177/0956797619886809,Psychological Science,31,1,31-42
2020-31-1-51,"Smaranda Ioana_Lawrie, Kimin_Eom, Daniela_Moza, Alin_Gavreliuc, Heejung S._Kim",2020,Jan,Cultural Variability in the Association Between Age and Well-Being: The Role of Uncertainty Avoidance,10.1177/0956797619887348,Psychological Science,31,1,51-64
2020-31-1-75,"Daniel A._Effron, Medha_Raj",2020,Jan,Misinformation and Morality: Encountering Fake-News Headlines Makes Them Seem Less Unethical to Publish and Share,10.1177/0956797619887896,Psychological Science,31,1,75-87
2020-31-1-43,"Rebecca_Treiman, Sloane_Wolter",2020,Jan,Use of Letter Names Benefits Young Children’s Spelling,10.1177/0956797619888837,Psychological Science,31,1,43-50
2020-31-2-115,"Titus_von der Malsburg, Till_Poppels, Roger P._Levy",2020,Feb,Implicit Gender Bias in Linguistic Descriptions for Expected Events: The Cases of the 2016 United States and 2017 United Kingdom Elections,10.1177/0956797619890619,Psychological Science,31,2,115-128
2020-31-1-88,"Wladimir_Kirsch, Roland_Pfister, Wilfried_Kunde",2020,Jan,On Why Objects Appear Smaller in the Visual Periphery,10.1177/0956797619892624,Psychological Science,31,1,88-96
2020-31-1-65,"Nina_Tello, Ghina_Harika-Germaneau, Wilfried_Serra, Nematollah_Jaafari, Armand_Chatard",2020,Jan,Forecasting a Fatal Decision: Direct Replication of the Predictive Validity of the Suicide–Implicit Association Test,10.1177/0956797619893062,Psychological Science,31,1,65-74
2020-31-3-243,"Jessie_Sun, Geoffrey P._Goodwin",2020,Mar,Do People Want to Be More Moral?,10.1177/0956797619893078,Psychological Science,31,3,243-257
2020-31-1-105,"Tyler W._Watts, Greg J._Duncan",2020,Jan,"Controlling, Confounding, and Construct Clarity: Responding to Criticisms of “Revisiting the Marshmallow Test” by Doebel, Michaelson, and Munakata (2020) and Falk, Kosse, and Pinger (2020)",10.1177/0956797619893606,Psychological Science,31,1,105-108
2019-30-12-1669,D. Stephen_Lindsay,2019,Dec,Swan Song Editorial,10.1177/0956797619893653,Psychological Science,30,12,1669-1673
2020-31-2-139,"Rebecca_Koomen, Sebastian_Grueneisen, Esther_Herrmann",2020,Feb,Children Delay Gratification for Cooperative Ends,10.1177/0956797619894205,Psychological Science,31,2,139-148
2020-31-2-202,"Balazs_Kovacs, Adam M._Kleinbaum",2020,Feb,Language-Style Similarity and Social Networks,10.1177/0956797619894557,Psychological Science,31,2,202-213
2020-31-2-149,"Tiffany_Doan, Ori_Friedman, Stephanie_Denison",2020,Feb,Young Children Use Probability to Infer Happiness and the Quality of Outcomes,10.1177/0956797619895282,Psychological Science,31,2,149-159
2020-31-2-160,"Mohammad_Atari, Aida_Mostafazadeh Davani, Morteza_Dehghani",2020,Feb,Body Maps of Moral Concerns,10.1177/0956797619895284,Psychological Science,31,2,160-169
2020-31-3-280,"Nava_Caluori, Joshua Conrad_Jackson, Kurt_Gray, Michele_Gelfand",2020,Mar,Conflict Changes How People View God,10.1177/0956797619895286,Psychological Science,31,3,280-292
2020-31-2-193,"Laura E._Michaelson, Yuko_Munakata",2020,Feb,"Same Data Set, Different Conclusions: Preschool Delay of Gratification Predicts Later Behavioral Outcomes in a Preregistered Study",10.1177/0956797619896270,Psychological Science,31,2,193-201
2020-31-2-214,"Matthias_De Wilde, Annalisa_Casini, Philippe_Bernard, Robin_Wollast, Olivier_Klein, Stéphanie_Demoulin",2020,Feb,Two Preregistered Direct Replications of “Objects Don’t Object: Evidence That Self-Objectification Disrupts Women’s Social Activism”,10.1177/0956797619896273,Psychological Science,31,2,214-223
2020-31-3-268,"Klaus-Martin_Krönke, Max_Wolff, Holger_Mohr, Anja_Kräplin, Michael N._Smolka, Gerhard_Bühringer, Thomas_Goschke",2020,Mar,Predicting Real-Life Self-Control From Brain Activity Encoding the Value of Anticipated Future Outcomes,10.1177/0956797619896357,Psychological Science,31,3,268-279
2020-31-3-258,"Alexander P._Burgoyne, David Z._Hambrick, Brooke N._Macnamara",2020,Mar,How Firm Are the Foundations of Mind-Set Theory? The Claims Appear Stronger Than the Evidence,10.1177/0956797619897588,Psychological Science,31,3,258-267
2020-31-2-170,"Cory J._Clark, Bo M._Winegard, Jordan_Beardslee, Roy F._Baumeister, Azim F._Shariff",2020,Feb,RETRACTED: Declines in Religiosity Predict Increases in Violent Crime—but Not Among Countries With Relatively High Average IQ,10.1177/0956797619897915,Psychological Science,31,2,170-183
2020-31-2-129,"Caren M._Walker, Alexandra_Rett, Elizabeth_Bonawitz",2020,Feb,Design Drives Discovery in Causal Learning,10.1177/0956797619898134,Psychological Science,31,2,129-138
2020-31-1-3,Patricia J._Bauer,2020,Jan,Expanding the Reach of Psychological Science,10.1177/0956797619898664,Psychological Science,31,1,3-5
2020-31-3-293,"Andrew T._Jebb, Mike_Morrison, Louis_Tay, Ed_Diener",2020,Mar,Subjective Well-Being Around the World: Trends and Predictors Across the Life Span,10.1177/0956797619898826,Psychological Science,31,3,293-305
2020-31-2-184,"Anthony J._Lee, Morgan J._Sidari, Sean C._Murphy, James M._Sherlock, Brendan P._Zietsch",2020,Feb,Sex Differences in Misperceptions of Sexual Interest Can Be Explained by Sociosexual Orientation and Men Projecting Their Own Interest Onto Women,10.1177/0956797619900315,Psychological Science,31,2,184-192
2020-31-3-227,"Ryan M._McManus, Max_Kleiman-Weiner, Liane_Young",2020,Mar,What We Owe to Family: The Impact of Special Obligations on Moral Judgment,10.1177/0956797619900321,Psychological Science,31,3,227-242
2020-31-5-488,"Lisa_Molto, Ladislas_Nalborczyk, Richard_Palluel-Germain, Nicolas_Morgado",2020,May,Action Effects on Visual Perception of Distances: A Multilevel Bayesian Meta-Analysis,10.1177/0956797619900336,Psychological Science,31,5,488-504
2020-31-3-306,"Lisa_Vangsness, Michael E._Young",2020,Mar,"Turtle, Task Ninja, or Time Waster? Who Cares? Traditional Task-Completion Strategies Are Overrated",10.1177/0956797619901267,Psychological Science,31,3,306-315
2020-31-4-381,"Margaret E._Sereno, Kelly E._Robles, Atsushi_Kikumoto, Alexander J._Bies",2020,Apr,The Effects of Three-Dimensional Context on Shape Perception,10.1177/0956797620901749,Psychological Science,31,4,381-396
2020-31-3-316,"Nathaniel R._Greene, Moshe_Naveh-Benjamin",2020,Mar,A Specificity Principle of Memory: Evidence From Aging and Associative Memory,10.1177/0956797620901760,Psychological Science,31,3,316-331
2020-31-4-351,"Klinton_Bicknell, Roger_Levy, Keith_Rayner",2020,Apr,Ongoing Cognitive Processing Influences Precise Eye-Movement Targets in Reading,10.1177/0956797620901766,Psychological Science,31,4,351-362
2020-31-3-332,"Emma_Halfmann, Janne_Bredehöft, Jan Alexander_Häusser",2020,Mar,"Replicating Roaches: A Preregistered Direct Replication of Zajonc, Heingartner, and Herman’s (1969) Social-Facilitation Study",10.1177/0956797620902101,Psychological Science,31,3,332-337
2020-31-4-397,"Grant_Packard, Jonah_Berger",2020,Apr,Thinking of You: How Second-Person Pronouns Shape Cultural Success,10.1177/0956797620902380,Psychological Science,31,4,397-407
2020-31-5-548,"Emily S._Nichols, Conor J._Wild, Bobby_Stojanoski, Michael E._Battista, Adrian M._Owen",2020,May,"Bilingualism Affords No General Cognitive Advantages: A Population Study of Executive Function in 11,000 People",10.1177/0956797620903113,Psychological Science,31,5,548-567
2020-31-4-460,"Ine_Van der Cruyssen, Jonathan_D’hondt, Ewout_Meijer, Bruno_Verschuere",2020,Apr,"Does Honesty Require Time? Two Preregistered Direct Replications of Experiment 2 of Shalvi, Eldar, and Bereby-Meyer (2012)",10.1177/0956797620903716,Psychological Science,31,4,460-467
2020-31-4-437,"Hagai_Rabinovitch, Yoella_Bereby-Meyer, David V._Budescu",2020,Apr,Achieving More With Less: Intuitive Correction in Selection,10.1177/0956797620903717,Psychological Science,31,4,437-448
2020-31-3-345,"Weizhen_Xie, Hyung-Bum_Park, Kareem A._Zaghloul, Weiwei_Zhang",2020,Mar,"Correlated Individual Differences in the Estimated Precision of Working Memory and Long-Term Memory: Commentary on the Study by Biderman, Luria, Teodorescu, Hajaj, and Goshen-Gottstein (2019)",10.1177/0956797620903718,Psychological Science,31,3,345-348
2020-31-4-468,"Christina_Bejjani, Jack_Dolgin, Ziwei_Zhang, Tobias_Egner",2020,Apr,Disentangling the Roles of Cue Visibility and Knowledge in Adjusting Cognitive Control: A Preregistered Direct Replication of the Farooqui and Manly (2015) Study,10.1177/0956797620904045,Psychological Science,31,4,468-479
2020-31-3-342,"Gijsbert_Stoet, David C._Geary",2020,Mar,The Gender-Equality Paradox Is Part of a Bigger Phenomenon: Reply to Richardson and Colleagues (2020),10.1177/0956797620904134,Psychological Science,31,3,342-344
2020-31-4-408,"Kathryn V._Walter, Daniel_Conroy-Beam, David M._Buss, Kelly_Asao, Agnieszka_Sorokowska, Piotr_Sorokowski, Toivo_Aavik, Grace_Akello, Mohammad Madallh_Alhabahba, Charlotte_Alm, Naumana_Amjad, Afifa_Anjum, Chiemezie S._Atama, Derya_Atamtürk Duyar, Richard_Ayebare, Carlota_Batres, Mons_Bendixen, Aicha_Bensafia, Boris_Bizumic, Mahmoud_Boussena, Marina_Butovskaya, Seda_Can, Katarzyna_Cantarero, Antonin_Carrier, Hakan_Cetinkaya, Ilona_Croy, Rosa María_Cueto, Marcin_Czub, Daria_Dronova, Seda_Dural, Izzet_Duyar, Berna_Ertugrul, Agustín_Espinosa, Ignacio_Estevan, Carla Sofia_Esteves, Luxi_Fang, Tomasz_Frackowiak, Jorge Contreras_Garduño, Karina Ugalde_González, Farida_Guemaz, Petra_Gyuris, Mária_Halamová, Iskra_Herak, Marina_Horvat, Ivana_Hromatko, Chin-Ming_Hui, Jas Laile_Jaafar, Feng_Jiang, Konstantinos_Kafetsios, Tina_Kavčič, Leif Edward Ottesen_Kennair, Nicolas_Kervyn, Truong Thi_Khanh Ha, Imran Ahmed_Khilji, Nils C._Köbis, Hoang Moc_Lan, András_Láng, Georgina R._Lennard, Ernesto_León, Torun_Lindholm, Trinh Thi_Linh, Giulia_Lopez, Nguyen_Van Luot, Alvaro_Mailhos, Zoi_Manesi, Rocio_Martinez, Sarah L._McKerchar, Norbert_Meskó, Girishwar_Misra, Conal_Monaghan, Emanuel C._Mora, Alba_Moya-Garófano, Bojan_Musil, Jean Carlos_Natividade, Agnieszka_Niemczyk, George_Nizharadze, Elisabeth_Oberzaucher, Anna_Oleszkiewicz, Mohd Sofian_Omar-Fauzee, Ike E._Onyishi, Baris_Özener, Ariela Francesca_Pagani, Vilmante_Pakalniskiene, Miriam_Parise, Farid_Pazhoohi, Annette_Pisanski, Katarzyna_Pisanski, Edna_Ponciano, Camelia_Popa, Pavol_Prokop, Muhammad_Rizwan, Mario_Sainz, Svjetlana_Salkičević, Ruta_Sargautyte, Ivan_Sarmány-Schuller, Susanne_Schmehl, Shivantika_Sharad, Razi Sultan_Siddiqui, Franco_Simonetti, Stanislava Yordanova_Stoyanova, Meri_Tadinac, Marco Antonio Correa_Varella, Christin-Melanie_Vauclair, Luis Diego_Vega, Dwi Ajeng_Widarini, Gyesook_Yoo, Marta_Zat’ková, Maja_Zupančič",2020,Apr,Sex Differences in Mate Preferences Across 45 Countries: A Large-Scale Replication,10.1177/0956797620904154,Psychological Science,31,4,408-423
2020-31-5-568,"Grace M._Brennan, Arielle R._Baskin-Sommers",2020,May,Aggressive Realism: More Efficient Processing of Anger in Physically Aggressive Individuals,10.1177/0956797620904157,Psychological Science,31,5,568-581
2020-31-5-582,"Rosa_Cheesman, Avina_Hunjan, Jonathan R. I._Coleman, Yasmin_Ahmadzadeh, Robert_Plomin, Tom A._McAdams, Thalia C._Eley, Gerome_Breen",2020,May,Comparison of Adopted and Nonadopted Individuals Reveals Gene–Environment Interplay for Education in the UK Biobank,10.1177/0956797620904450,Psychological Science,31,5,582-591
2020-31-6-623,"Jeremy M._Hamm, Raymond P._Perry, Judith G._Chipperfield, Steve_Hladkyj, Patti C._Parker, Bernard_Weiner",2020,Jun,"Reframing Achievement Setbacks: A Motivation Intervention to Improve 8-Year Graduation Rates for Students in Science, Technology, Engineering, and Mathematics (STEM) Fields",10.1177/0956797620904451,Psychological Science,31,6,623-633
2020-31-6-607,"Bonnie M._Le, Stéphane_Côté, Jennifer_Stellar, Emily A._Impett",2020,Jun,The Distinct Effects of Empathic Accuracy for a Romantic Partner’s Appeasement and Dominance Emotions,10.1177/0956797620904975,Psychological Science,31,6,607-622
2020-31-4-363,"Tae Woo_Kim, Adam_Duhachek",2020,Apr,Artificial Intelligence and Persuasion: A Construal-Level Account,10.1177/0956797620904985,Psychological Science,31,4,363-380
2020-31-5-531,"Hause_Lin, Blair_Saunders, Malte_Friese, Nathan J._Evans, Michael_Inzlicht",2020,May,Strong Effort Manipulations Reduce Response Caution: A Preregistered Reinvention of the Ego-Depletion Paradigm,10.1177/0956797620904990,Psychological Science,31,5,531-547
2020-31-4-449,"Marlise K._Hofer, Frances S._Chen",2020,Apr,The Scent of a Good Night’s Sleep: Olfactory Cues of a Romantic Partner Improve Sleep Efficiency,10.1177/0956797620905615,Psychological Science,31,4,449-459
2020-31-6-654,"Xinyu_Liu, Stephen A._Engel",2020,Jun,Higher-Level Meta-Adaptation Mitigates Visual Distortions Produced by Lower-Level Adaptation,10.1177/0956797620907090,Psychological Science,31,6,654-662
2020-31-5-518,"Rebecca J._Krause, Derek D._Rucker",2020,May,Can Bad Be Good? The Attraction of a Darker Self,10.1177/0956797620909742,Psychological Science,31,5,518-530
2020-31-5-505,"Charles P._Davis, Gitte H._Joergensen, Peter_Boddy, Caitlin_Dowling, Eiling_Yee",2020,May,"Making It Harder to “See” Meaning: The More You See Something, the More Its Conceptual Representation Is Susceptible to Visual Interference",10.1177/0956797620910748,Psychological Science,31,5,505-517
2020-31-5-592,"Amrita_Lamba, Michael J._Frank, Oriel_FeldmanHall",2020,May,Anxiety Impedes Adaptive Social Learning Under Uncertainty,10.1177/0956797620910993,Psychological Science,31,5,592-603
2020-31-6-663,"Dan_Biderman, Yarden_Shir, Liad_Mudrik",2020,Jun,B or 13? Unconscious Top-Down Contextual Effects at the Categorical but Not the Lexical Level,10.1177/0956797620915887,Psychological Science,31,6,663-677
2020-31-6-634,"Ilana_Ritov, Amos_Schurr",2020,Jun,Transaction Frame Determines Preferences: Valuation of Labor by Employee and Contractor,10.1177/0956797620916521,Psychological Science,31,6,634-643
2020-31-6-644,"Martha_Jeong, Julia A._Minson, Francesca_Gino",2020,Jun,In Generous Offers I Trust: The Effect of First-Offer Value on Economically Vulnerable Behaviors,10.1177/0956797620916705,Psychological Science,31,6,644-653
2020-31-6-702,"Kim_Peters, Miguel A._Fonseca",2020,Jun,"Truth, Lies, and Gossip",10.1177/0956797620916708,Psychological Science,31,6,702-714
2020-31-6-678,"Michael_Muthukrishna, Adrian V._Bell, Joseph_Henrich, Cameron M._Curtin, Alexander_Gedranovich, Jason_McInerney, Braden_Thue",2020,Jun,"Beyond Western, Educated, Industrial, Rich, and Democratic (WEIRD) Psychology: Measuring and Mapping Scales of Cultural and Psychological Distance",10.1177/0956797620916782,Psychological Science,31,6,678-701
2020-31-7-792,"Maxwell L._Elliott, Annchen R._Knodt, David_Ireland, Meriwether L._Morris, Richie_Poulton, Sandhya_Ramrakha, Maria L._Sison, Terrie E._Moffitt, Avshalom_Caspi, Ahmad R._Hariri",2020,Jul,What Is the Test-Retest Reliability of Common Task-Functional MRI Measures? New Empirical Evidence and a Meta-Analysis,10.1177/0956797620916786,Psychological Science,31,7,792-806
2020-31-6-729,"Robert A._Mason, Marcel Adam_Just",2020,Jun,Neural Representations of Procedural Knowledge,10.1177/0956797620916806,Psychological Science,31,6,729-740
2020-31-7-781,"Emma_Armstrong-Carter, Sam_Trejo, Liam J. B._Hill, Kirsty L._Crossley, Dan_Mason, Benjamin W._Domingue",2020,Jul,The Earliest Origins of Genetic Nurture: The Prenatal Environment Mediates the Association Between Maternal Genetics and Child Development,10.1177/0956797620917209,Psychological Science,31,7,781-791
2020-31-7-822,"Sierra_Clifford, Leah D._Doane, Reagan_Breitenstein, Kevin J._Grimm, Kathryn_Lemery-Chalfant",2020,Jul,Effortful Control Moderates the Relation Between Electronic-Media Use and Objective Sleep Indicators in Childhood,10.1177/0956797620919432,Psychological Science,31,7,822-834
2020-31-7-807,"Kostadin_Kushlev, Samantha J._Heintzelman, Lesley D._Lutes, Derrick_Wirtz, Jacqueline M._Kanippayoor, Damian_Leitner, Ed_Diener",2020,Jul,Does Happiness Improve Health? Evidence From a Randomized Controlled Trial,10.1177/0956797620919673,Psychological Science,31,7,807-821
2020-31-6-715,"Lauren Gazzard_Kerr, Hasagani_Tissera, M. Joy_McClure, John E._Lydon, Mitja D._Back, Lauren J._Human",2020,Jun,Blind at First Sight: The Role of Distinctively Accurate and Positive First Impressions in Romantic Interest,10.1177/0956797620919674,Psychological Science,31,6,715-728
2020-31-8-911,"Ryan F._Lei, Rachel A._Leshin, Marjorie_Rhodes",2020,Aug,The Development of Intersectional Social Prototypes,10.1177/0956797620920360,Psychological Science,31,8,911-926
2020-31-5-483,"Dwight J._Kravitz, Stephen R._Mitroff, Patricia J._Bauer",2020,May,"Practicing Good Laboratory Hygiene, Even in a Pandemic",10.1177/0956797620920547,Psychological Science,31,5,483-487
2020-31-8-927,"Julia A._Minson, Christopher_Umphres",2020,Aug,Confidence in Context: Perceived Accuracy of Quantitative Estimates Decreases With Repeated Trials,10.1177/0956797620921517,Psychological Science,31,8,927-943
2020-31-7-873,"Manuel_Bohn, Clara_Kordt, Maren_Braun, Josep_Call, Michael_Tomasello",2020,Jul,Learning Novel Skills From Iconic Gestures: A Developmental and Evolutionary Perspective,10.1177/0956797620921519,Psychological Science,31,7,873-880
2020-31-12-1511,"Henrikas_Bartusevičius, Florian_van Leeuwen, Michael Bang_Petersen",2020,Dec,"Dominance-Driven Autocratic Political Orientations Predict Political Violence in Western, Educated, Industrialized, Rich, and Democratic (WEIRD) and Non-WEIRD Samples",10.1177/0956797620922476,Psychological Science,31,12,1511-1530
2020-31-7-858,"Will M._Gervais, Stephanie E._McKee, Sarah_Malik",2020,Jul,"Do Religious Primes Increase Risk Taking? Evidence Against “Anticipating Divine Protection” in Two Preregistered Direct Replications of Kupor, Laurin, and Levav (2015)",10.1177/0956797620922477,Psychological Science,31,7,858-864
2020-31-7-848,"Jordan R._Axt, Mark J._Landau, Aaron C._Kay",2020,Jul,The Psychological Appeal of Fake-News Attributions,10.1177/0956797620922785,Psychological Science,31,7,848-857
2020-31-7-865,"Marta_Serra-Garcia, Karsten T._Hansen, Uri_Gneezy",2020,Jul,Can Short Psychological Interventions Affect Educational Performance? Revisiting the Effect of Self-Affirmation Interventions,10.1177/0956797620923587,Psychological Science,31,7,865-872
2020-31-6-756,"David_Smerdon, Hairong_Hu, Andrew_McLennan, William_von Hippel, Sabina_Albrecht",2020,Jun,Female Chess Players Show Typical Stereotype-Threat Effects: Commentary on Stafford (2018),10.1177/0956797620924051,Psychological Science,31,6,756-759
2020-31-7-835,"Matt_McGue, Emily A._Willoughby, Aldo_Rustichini, Wendy_Johnson, William G._Iacono, James J._Lee",2020,Jul,The Contribution of Cognitive and Noncognitive Skills to Intergenerational Social Mobility,10.1177/0956797620924677,Psychological Science,31,7,835-847
2020-31-6-748,"Jackson G._Lu, Julia J._Lee, Francesca_Gino, Adam D._Galinsky",2020,Jun,"Air Pollution, State Anxiety, and Unethical Behavior: A Meta-Analytic Review",10.1177/0956797620924765,Psychological Science,31,6,748-755
2020-31-8-1001,"Colin J._Palmer, Colin W. G._Clifford",2020,Aug,Face Pareidolia Recruits Mechanisms for Detecting Human Social Attention,10.1177/0956797620924814,Psychological Science,31,8,1001-1012
2020-31-8-944,"Laura E._Hatz, Sanghyuk_Park, Kayleigh N._McCarty, Denis M._McCarthy, Clintin P._Davis-Stober",2020,Aug,Young Adults Make Rational Sexual Decisions,10.1177/0956797620925036,Psychological Science,31,8,944-956
2020-31-9-1084,"David_Aguilar-Lleyda, Maxime_Lemarchand, Vincent_de Gardelle",2020,Sep,Confidence as a Priority Signal,10.1177/0956797620925039,Psychological Science,31,9,1084-1096
2020-31-9-1071,"Emma V._Ward, Christopher J._Berry, David R._Shanks, Petter L._Moller, Enida_Czsiser",2020,Sep,Aging Predicts Decline in Explicit and Implicit Memory: A Life-Span Study,10.1177/0956797620927648,Psychological Science,31,9,1071-1083
2020-31-8-978,"Arash_Aryani, Erin S._Isbilen, Morten H._Christiansen",2020,Aug,Affective Arousal Links Sound to Meaning,10.1177/0956797620927967,Psychological Science,31,8,978-986
2020-31-8-957,"Valentina_Cartei, Jane_Oakhill, Alan_Garnham, Robin_Banerjee, David_Reby",2020,Aug,“This Is What a Mechanic Sounds Like”: Children’s Vocal Control Reveals Implicit Occupational Stereotypes,10.1177/0956797620929297,Psychological Science,31,8,957-967
2020-31-7-881,"Teagan S._Mullins, Ethan M._Campbell, Jeremy_Hogeveen",2020,Jul,Neighborhood Deprivation Shapes Motivational-Neurocircuit Recruitment in Children,10.1177/0956797620929299,Psychological Science,31,7,881-889
2020-31-8-968,"Susan M._Sherman, James A._Grange",2020,Aug,Exploring the Impact of Mindfulness on False-Memory Susceptibility,10.1177/0956797620929302,Psychological Science,31,8,968-977
2020-31-9-1097,"David_Pascual-Ezama, Drazen_Prelec, Adrián_Muñoz, Beatriz_Gil-Gómez de Liaño",2020,Sep,"Cheaters, Liars, or Both? A New Classification of Dishonesty Profiles",10.1177/0956797620929634,Psychological Science,31,9,1097-1106
2020-31-8-987,"Monica_Gamez-Djokic, Adam_Waytz",2020,Aug,Concerns About Automation and Negative Sentiment Toward Immigration,10.1177/0956797620929977,Psychological Science,31,8,987-1000
2020-31-8-1013,"Neil_Hester, Keith_Payne, Jazmin_Brown-Iannuzzi, Kurt_Gray",2020,Aug,On Intersectionality: How Complex Patterns of Discrimination Can Emerge From Simple Stereotypes,10.1177/0956797620929979,Psychological Science,31,8,1013-1024
2020-31-9-1059,"Kevin R._Binning, Nancy_Kaufmann, Erica M._McGreevy, Omid_Fotuhi, Susie_Chen, Emily_Marshman, Z. Yasemin_Kalender, Lisa_Limeri, Laura_Betancur, Chandralekha_Singh",2020,Sep,Changing Social Contexts to Foster Equity in College Science Courses: An Ecological-Belonging Intervention,10.1177/0956797620929984,Psychological Science,31,9,1059-1070
2020-31-7-898,"Gideon_Nave, Remi_Daviet, Amos_Nadler, David_Zava, Colin_Camerer",2020,Jul,"Reflecting on the Evidence: A Reply to Knight, McShane, et al. (2020)",10.1177/0956797620930966,Psychological Science,31,7,898-900
2020-31-9-1107,"Alexander_Martin, Jennifer_Culbertson",2020,Sep,Revisiting the Suffixing Preference: Native-Language Affixation Patterns Influence Perception of Sequences,10.1177/0956797620931108,Psychological Science,31,9,1107-1116
2020-31-9-1117,"Gerrit W._Maus, Hannah Letitia_Goh, Matteo_Lisi",2020,Sep,Perceiving Locations of Moving Objects Across Eyeblinks,10.1177/0956797620931365,Psychological Science,31,9,1117-1128
2020-31-9-1140,"Jessica E._Salvatore, Sara_Larsson Lönn, Jan_Sundquist, Kristina_Sundquist, Kenneth S._Kendler",2020,Sep,Disentangling Social-Genetic From Rearing-Environment Effects for Alcohol Use Disorder Using Swedish National Data,10.1177/0956797620931542,Psychological Science,31,9,1140-1149
2020-31-9-1161,"Dawoon_Choi, Laura J._Batterink, Alexis K._Black, Ken A._Paller, Janet F._Werker",2020,Sep,Preverbal Infants Discover Statistical Word Patterns at Similar Rates as Adults: Evidence From Neural Entrainment,10.1177/0956797620933237,Psychological Science,31,9,1161-1173
2020-31-9-1129,"Ceren_Battal, Valeria_Occelli, Giorgia_Bertonati, Federica_Falagiarda, Olivier_Collignon",2020,Sep,General Enhancement of Spatial Hearing in Congenitally Blind People,10.1177/0956797620935584,Psychological Science,31,9,1129-1139
2020-31-8-1025,"Daniel E._Gustavson, Naomi P._Friedman, Pierre_Fontanillas, Sarah L._Elson, Abraham A._Palmer, Sandra_Sanchez-Roige, NA_NA",2020,Aug,The Latent Genetic Structure of Impulsivity and Its Relation to Internalizing Psychopathology,10.1177/0956797620938160,Psychological Science,31,8,1025-1035
2020-31-7-770,"Gordon_Pennycook, Jonathon_McPhetres, Yunhao_Zhang, Jackson G._Lu, David G._Rand",2020,Jul,Fighting COVID-19 Misinformation on Social Media: Experimental Evidence for a Scalable Accuracy-Nudge Intervention,10.1177/0956797620939054,Psychological Science,31,7,770-780
2020-31-10-1340,"Jiyin_Cao, Dejun Tony_Kong, Adam D._Galinsky",2020,Oct,Breaking Bread Produces Bigger Pies: An Empirical Extension of Shared Eating to Negotiations and a Commentary on Woolley and Fishbach (2019),10.1177/0956797620939532,Psychological Science,31,10,1340-1345
2020-31-9-1150,"Lisa K._Fazio, Carrie L._Sherry",2020,Sep,The Effect of Repetition on Truth Judgments Across Development,10.1177/0956797620939534,Psychological Science,31,9,1150-1160
2020-31-9-1191,"Susanne_Becker, Martin_Löffler, Ben_Seymour",2020,Sep,Reward Enhances Pain Discrimination in Humans,10.1177/0956797620939588,Psychological Science,31,9,1191-1199
2020-31-9-1174,"Fengling_Ma, Dan_Zeng, Fen_Xu, Brian J._Compton, Gail D._Heyman",2020,Sep,Delay of Gratification as Reputation Management,10.1177/0956797620939940,Psychological Science,31,9,1174-1182
2020-31-8-1036,"Jessica K._Witt, David_Kemmerer, Sally A._Linkenauger, Jody C._Culham",2020,Aug,"Reanalysis Suggests Evidence for Motor Simulation in Naming Tools Is Limited: A Commentary on Witt, Kemmerer, Linkenauger, and Culham (2010)",10.1177/0956797620940555,Psychological Science,31,8,1036-1039
2020-31-7-767,Patricia J._Bauer,2020,Jul,A Call for Greater Sensitivity in the Wake of a Publication Controversy,10.1177/0956797620941482,Psychological Science,31,7,767-769
2020-31-10-1272,"Steffen_Keck, Wenjie_Tang",2020,Oct,Enhancing the Wisdom of the Crowd With Cognitive-Process Diversity: The Benefits of Aggregating Intuitive and Analytical Judgments,10.1177/0956797620941840,Psychological Science,31,10,1272-1282
2020-31-10-1261,"Yong Min_Choi, Sang Chul_Chong",2020,Oct,Effects of Selective Attention on Mean-Size Computation: Weighted Averaging and Perceptual Enlargement,10.1177/0956797620943834,Psychological Science,31,10,1261-1271
2020-31-8-1040,"Shiyang_Gong, Jackson G._Lu, John M._Schaubroeck, Qian_Li, Qiwei_Zhou, Xiaoye_Qian",2020,Aug,Polluted Psyche: Is the Effect of Air Pollution on Unethical Behavior More Physiological or Psychological?,10.1177/0956797620943835,Psychological Science,31,8,1040-1047
2020-31-10-1245,"Domicele_Jonauskaite, Ahmad_Abu-Akel, Nele_Dael, Daniel_Oberfeld, Ahmed M._Abdel-Khalek, Abdulrahman S._Al-Rasheed, Jean-Philippe_Antonietti, Victoria_Bogushevskaya, Amer_Chamseddine, Eka_Chkonia, Violeta_Corona, Eduardo_Fonseca-Pedrero, Yulia A._Griber, Gina_Grimshaw, Aya Ahmed_Hasan, Jelena_Havelka, Marco_Hirnstein, Bodil S. A._Karlsson, Eric_Laurent, Marjaana_Lindeman, Lynn_Marquardt, Philip_Mefoh, Marietta_Papadatou-Pastou, Alicia_Pérez-Albéniz, Niloufar_Pouyan, Maya_Roinishvili, Lyudmyla_Romanyuk, Alejandro_Salgado Montejo, Yann_Schrag, Aygun_Sultanova, Mari_Uusküla, Suvi_Vainio, Grażyna_Wąsowicz, Sunčica_Zdravković, Meng_Zhang, Christine_Mohr",2020,Oct,Universal Patterns in Color-Emotion Associations Are Further Shaped by Linguistic and Geographic Proximity,10.1177/0956797620948810,Psychological Science,31,10,1245-1260
2020-31-10-1294,"Jonathan Z._Berman, Daniella_Kupor",2020,Oct,Moral Choice When Harming Is Unavoidable,10.1177/0956797620948821,Psychological Science,31,10,1294-1301
2020-31-9-1183,"Kathryn N._Graves, James W._Antony, Nicholas B._Turk-Browne",2020,Sep,Finding the Pattern: On-Line Extraction of Spatial Structure During Virtual Navigation,10.1177/0956797620948828,Psychological Science,31,9,1183-1190
2020-31-10-1302,"Berkeley J._Dietvorst, Soaham_Bharti",2020,Oct,People Reject Algorithms in Uncertain Decision Domains Because They Have Diminishing Sensitivity to Forecasting Error,10.1177/0956797620948841,Psychological Science,31,10,1302-1314
2020-31-9-1200,"Hugh_Rabagliati, Pieter_Moors, Tom_Heyman",2020,Sep,"Can Item Effects Explain Away the Evidence for Unconscious Sound Symbolism? An Adversarial Commentary on Heyman, Maerten, Vankrunkelsven, Voorspoels, and Moors (2019)",10.1177/0956797620949461,Psychological Science,31,9,1200-1204
2020-31-10-1283,"Jochen E._Gebauer, Jennifer_Eck, Theresa M._Entringer, Wiebke_Bleidorn, Peter J._Rentfrow, Jeff_Potter, Samuel D._Gosling",2020,Oct,The Well-Being Benefits of Person-Culture Match Are Contingent on Basic Personality Traits,10.1177/0956797620951115,Psychological Science,31,10,1283-1293
2020-31-10-1315,"Tarek_Amer, K. W. Joan_Ngo, Jennifer C._Weeks, Lynn_Hasher",2020,Oct,Spontaneous Distractor Reactivation With Age: Evidence for Bound Target-Distractor Representations in Memory,10.1177/0956797620951125,Psychological Science,31,10,1315-1324
2020-31-10-1325,"Christopher N._Wahlheim, Timothy R._Alexander, Carson D._Peske",2020,Oct,Reminders of Everyday Misinformation Statements Can Enhance Memory for and Beliefs in Corrections of Those Statements in the Short Term,10.1177/0956797620952797,Psychological Science,31,10,1325-1339
2020-31-11-1452,"Emilie E._Caron, Michael G._Reynolds, Brandon C. W._Ralph, Jonathan S. A._Carriere, Derek_Besner, Daniel_Smilek",2020,Nov,Does Posture Influence the Stroop Effect?,10.1177/0956797620953842,Psychological Science,31,11,1452-1460
2020-31-11-1386,"Emily F._Hittner, Jacquelyn E._Stephens, Nicholas A._Turiano, Denis_Gerstorf, Margie E._Lachman, Claudia M._Haase",2020,Nov,Positive Affect Is Associated With Less Memory Decline: Evidence From a 9-Year Longitudinal Study,10.1177/0956797620953883,Psychological Science,31,11,1386-1395
2020-31-11-1396,"Andrew G._Young, Andrew_Shtulman",2020,Nov,Children’s Cognitive Reflection Predicts Conceptual Understanding in Science and Mathematics,10.1177/0956797620954449,Psychological Science,31,11,1396-1408
2020-31-11-1422,"Alex M._Silver, Aimee E._Stahl, Rita_Loiotile, Alexis S._Smith-Flores, Lisa_Feigenson",2020,Nov,When Not Choosing Leads to Not Liking: Choice-Induced Preference in Infancy,10.1177/0956797620954491,Psychological Science,31,11,1422-1429
2020-31-11-1430,"Joel_Walmsley, Cathal_O’Madagain",2020,Nov,The Worst-Motive Fallacy: A Negativity Bias in Motive Attribution,10.1177/0956797620954492,Psychological Science,31,11,1430-1438
2020-31-12-1544,"Nicholas B._Diamond, Michael J._Armson, Brian_Levine",2020,Dec,The Truth Is Out There: Accuracy in Recall of Verifiable Real-World Events,10.1177/0956797620954812,Psychological Science,31,12,1544-1556
2020-31-12-1531,"Artyom_Zinchenko, Markus_Conci, Thomas_Töllner, Hermann J._Müller, Thomas_Geyer",2020,Dec,Automatic Guidance (and Misguidance) of Visuospatial Attention by Acquired Scene Memory: Evidence From an N1pc Polarity Reversal,10.1177/0956797620954815,Psychological Science,31,12,1531-1543
2020-31-11-1461,"Joshua M._Tybur, Benedict C._Jones, Lisa M._DeBruine, Joshua M._Ackerman, Vanessa_Fasolt",2020,Nov,"Preregistered Direct Replication of “Sick Body, Vigilant Mind: The Biological Immune System Activates the Behavioral Immune System”",10.1177/0956797620955209,Psychological Science,31,11,1461-1469
2020-31-11-1439,"Regina A._Weilbächer, Peter M._Kraemer, Sebastian_Gluth",2020,Nov,The Reflection Effect in Memory-Based Decisions,10.1177/0956797620956315,Psychological Science,31,11,1439-1451
2020-31-11-1351,"Andreas_Bjerre-Nielsen, Asger_Andersen, Kelton_Minor, David Dreyer_Lassen",2020,Nov,The Negative Effect of Smartphone Use on Academic Performance May Be Overestimated: Evidence From a 2-Year Panel Study,10.1177/0956797620956613,Psychological Science,31,11,1351-1362
2020-31-11-1470,"Kevin_DeSimone, Minjung_Kim, Richard F._Murray",2020,Nov,Number Adaptation Can Be Dissociated From Density Adaptation,10.1177/0956797620956986,Psychological Science,31,11,1470-1474
2020-31-12-1602,"Ethan_Ludwin-Peery, Neil R._Bramley, Ernest_Davis, Todd M._Gureckis",2020,Dec,Broken Physics: A Conjunction-Fallacy Effect in Intuitive Physical Reasoning,10.1177/0956797620957610,Psychological Science,31,12,1602-1611
2020-31-12-1585,"Gabriele_Chierchia, Blanca_Piera Pi-Sunyer, Sarah-Jayne_Blakemore",2020,Dec,Prosocial Influence and Opportunistic Conformity in Adolescents and Young Adults,10.1177/0956797620957625,Psychological Science,31,12,1585-1601
2020-31-10-1236,"Cristina E._Salvador, Martha K._Berg, Qinggang_Yu, Alvaro_San Martin, Shinobu_Kitayama",2020,Oct,Relational Mobility Predicts Faster Spread of COVID-19: A 39-Country Study,10.1177/0956797620958118,Psychological Science,31,10,1236-1244
2020-31-11-1409,"Felix_Kalbe, Stina_Bange, Annika_Lutz, Lars_Schwabe",2020,Nov,Expectancy Violation Drives Memory Boost for Stressful Events,10.1177/0956797620958650,Psychological Science,31,11,1409-1421
2020-31-12-1557,"Nicholas B._Diamond, Brian_Levine",2020,Dec,Linking Detail to Temporal Structure in Naturalistic-Event Recall,10.1177/0956797620958651,Psychological Science,31,12,1557-1572
2020-31-12-1573,"Hayley_Treloar Padovano, Tim_Janssen, Alexander_Sokolovsky, Kristina M._Jackson",2020,Dec,The Altered Course of Learning: How Alcohol Outcome Expectancies Are Shaped by First Drinking Experiences,10.1177/0956797620959006,Psychological Science,31,12,1573-1584
2020-31-10-1222,"Abhishek_Sheetal, Zhiyu_Feng, Krishna_Savani",2020,Oct,Using Machine Learning to Generate Novel Hypotheses: Increasing Optimism About COVID-19 Makes People Less Willing to Justify Unethical Behaviors,10.1177/0956797620959594,Psychological Science,31,10,1222-1235
2020-31-10-1211,"Joshua M._Tybur, Debra_Lieberman, Lei_Fan, Tom R._Kupfer, Reinout E._de Vries",2020,Oct,Behavioral Immune Trade-Offs: Interpersonal Value Relaxes Social Pathogen Avoidance,10.1177/0956797620960011,Psychological Science,31,10,1211-1221
2020-31-11-1363,"Stefan_Pfattheicher, Laila_Nockur, Robert_Böhm, Claudia_Sassenrath, Michael Bang_Petersen",2020,Nov,The Emotional Path to Action: Empathy Promotes Physical Distancing and Wearing of Face Masks During the COVID-19 Pandemic,10.1177/0956797620964422,Psychological Science,31,11,1363-1373
2020-31-12-1488,"Qinggong_Li, Wenyu_Zhang, Gail D._Heyman, Brian J._Compton, Kang_Lee",2020,Dec,Susceptibility to Being Lured Away by a Stranger: A Real-World Field Test of Selective Trust in Early Childhood,10.1177/0956797620966526,Psychological Science,31,12,1488-1496
2020-31-11-1374,"Laura L._Carstensen, Yochai Z._Shavit, Jessica T._Barnes",2020,Nov,Age Advantages in Emotional Experience Persist Even Under Threat From the COVID-19 Pandemic,10.1177/0956797620967261,Psychological Science,31,11,1374-1385
2020-31-12-1497,"Marc Malmdorf_Andersen, Uffe_Schjoedt, Henry_Price, Fernando E._Rosas, Coltan_Scrivner, Mathias_Clasen",2020,Dec,Playing With Fear: A Field Study in Recreational Horror,10.1177/0956797620972116,Psychological Science,31,12,1497-1510
2020-31-12-1479,Hannah C._Williamson,2020,Dec,Early Effects of the COVID-19 Pandemic on Relationship Satisfaction and Attributions,10.1177/0956797620972688,Psychological Science,31,12,1479-1487
2019-30-7-1106, ,2019,Jul,Corrigendum: Memory for Repeated Images in Rapid-Serial-Visual-Presentation Streams of Thousands of Images,10.1177/0956797619854116,Psychological Science,30,7,1106-1106
2019-30-7-1107, ,2019,Jul,Retraction of “The Decoy Effect as a Nudge: Boosting Hand Hygiene With a Worse Option”,10.1177/0956797619858006,Psychological Science,30,7,1107-1107
2019-30-8-1255, ,2019,Aug,Corrigendum: Unconscious Detection of One’s Own Image,10.1177/0956797619858007,Psychological Science,30,8,1255-1255
2019-30-8-1253, ,2019,Aug,Erratum: Mutualistic Coupling Between Vocabulary and Reasoning in Young Children: A Replication and Extension of the Study by Kievit et al. (2017),10.1177/0956797619860523,Psychological Science,30,8,1253-1253
2019-30-8-1254, ,2019,Aug,"Corrigendum: Screens, Teens, and Psychological Well-Being: Evidence From Three Time-Use-Diary Studies",10.1177/0956797619862548,Psychological Science,30,8,1254-1254
2019-30-9-1410, ,2019,Sep,"Corrigendum: Comparing the Effects of Hypothetical Moral Preferences on Real-Life and Hypothetical Behavior: Commentary on Bostyn, Sevenhant, and Roets (2018)",10.1177/0956797619872961,Psychological Science,30,9,1410-1410
2019-30-12-1792, ,2019,Dec,Corrigendum: Healthy Out-Group Members Are Represented Psychologically as Infected In-Group Members,10.1177/0956797619887750,Psychological Science,30,12,1792-1794
2019-30-12-1790, ,2019,Dec,Corrigendum: Action-Video-Game Experience Alters the Spatial Resolution of Vision,10.1177/0956797619889044,Psychological Science,30,12,1790-1790
2019-30-12-1791, ,2019,Dec,Corrigendum: “Our Country Needs a Strong Leader Right Now”: Economic Inequality Enhances the Wish for a Strong Leader,10.1177/0956797619890360,Psychological Science,30,12,1791-1791
2020-31-1-110, ,2020,Jan,"Corrigendum: The Gender-Equality Paradox in Science, Technology, Engineering, and Mathematics Education",10.1177/0956797619892892,Psychological Science,31,1,110-111
2020-31-1-109, ,2020,Jan,Erratum: Hypnotic Suggestions Can Induce Rapid Change in Implicit Attitudes,10.1177/0956797619894971,Psychological Science,31,1,109-109
2020-31-1-112, ,2020,Jan,Corrigendum: The Value of Interracial Contact for Reducing Anti-Black Bias Among Non-Black Physicians: A Cognitive Habits and Growth Evaluation (CHANGE) Study Report,10.1177/0956797619896776,Psychological Science,31,1,112-112
2020-31-6-760, ,2020,Jun,Erratum: False Memories for Fake News During Ireland’s Abortion Referendum,10.1177/0956797620923299,Psychological Science,31,6,760-761
2020-31-6-762, ,2020,Jun,Corrigendum: Debiasing Training Improves Decision Making in the Field,10.1177/0956797620930211,Psychological Science,31,6,762-762
2020-31-7-901, ,2020,Jul,"Erratum: If It’s Difficult to Pronounce, It Might Not Be Risky: The Effect of Fluency on Judgment of Risk Does Not Generalize to New Stimuli",10.1177/0956797620933249,Psychological Science,31,7,901-901
2020-31-7-902, ,2020,Jul,Corrigendum: Selectively Distracted: Divided Attention and Memory for Important Information,10.1177/0956797620937679,Psychological Science,31,7,902-904
2020-31-7-905, ,2020,Jul,Retraction of “Declines in Religiosity Predict Increases in Violent Crime—but Not Among Countries With Relatively High Average IQ”,10.1177/0956797620941437,Psychological Science,31,7,905-905
2020-31-8-1048, ,2020,Aug,Corrigendum: Targeted Memory Reactivation During Sleep Improves Next-Day Problem Solving,10.1177/0956797620943156,Psychological Science,31,8,1048-1048
2020-31-8-1050, ,2020,Aug,"Corrigendum: Truth, Lies, and Gossip",10.1177/0956797620944135,Psychological Science,31,8,1050-1052
2020-31-8-1049, ,2020,Aug,Corrigendum: In Generous Offers I Trust: The Effect of First-Offer Value on Economically Vulnerable Behaviors,10.1177/0956797620944137,Psychological Science,31,8,1049-1049
2020-31-8-1054, ,2020,Aug,Corrigendum: The Development of Intersectional Social Prototypes,10.1177/0956797620947640,Psychological Science,31,8,1054-1055
2020-31-8-1053, ,2020,Aug,Corrigendum: The Illusion of Consensus: A Failure to Distinguish Between True and False Consensus,10.1177/0956797620948511,Psychological Science,31,8,1053-1053
2020-31-9-1205, ,2020,Sep,Corrigendum: Fictional First Memories,10.1177/0956797620950665,Psychological Science,31,9,1205-1207
2020-31-11-1475, ,2020,Nov,Erratum: Reward Enhances Pain Discrimination in Humans,10.1177/0956797620964027,Psychological Science,31,11,1475-1475
2020-31-12-1614, ,2020,Dec,Corrigendum: Using a Psychopharmacogenetic Approach To Identify the Pathways Through Which—and the People for Whom—Testosterone Promotes Aggression,10.1177/0956797620971631,Psychological Science,31,12,1614-1614
2020-31-12-1612, ,2020,Dec,Corrigendum: Using Machine Learning to Generate Novel Hypotheses: Increasing Optimism About COVID-19 Makes People Less Willing to Justify Unethical Behaviors,10.1177/0956797620972975,Psychological Science,31,12,1612-1613
