Article Identification Number,Title,Authors,Year,Month,Journal,Volume,Issue,Page Numbers,DOI
2019-30-9-1383,"What Is the Right Question for Moral Psychology to Answer? Commentary on Bostyn, Sevenhant, and Roets (2018)","Michał_Białek, Martin Harry_Turpin, Jonathan A._Fugelsang",2019,Sep,Psychological Science,30,9,1383-1385,10.1177/0956797618815171
2019-30-7-1099,Comment on Yoon and Vargas (2014): An Implausibly Large Effect From Implausibly Invariant Data,Joseph_Hilgard,2019,Jul,Psychological Science,30,7,1099-1102,10.1177/0956797618815434
2019-30-9-1380,"Comparing the Effects of Hypothetical Moral Preferences on Real-Life and Hypothetical Behavior: Commentary on Bostyn, Sevenhant, and Roets (2018)","Anthony M._Evans, Mark J._Brandt",2019,Sep,Psychological Science,30,9,1380-1382,10.1177/0956797618815482
2019-30-9-1386,"Comparing Hypothetical and Real-Life Trolley Problems: Commentary on Bostyn, Sevenhant, and Roets (2018)","Andrew M._Colman, Natalie_Gold, Briony D._Pulford",2019,Sep,Psychological Science,30,9,1386-1388,10.1177/0956797619827880
2019-30-9-1389,"Overlooked Evidence and a Misunderstanding of What Trolley Dilemmas Do Best: Commentary on Bostyn, Sevenhant, and Roets (2018)","Dillon_Plunkett, Joshua D._Greene",2019,Sep,Psychological Science,30,9,1389-1391,10.1177/0956797619827914
2019-30-9-1397,"Evidence Against Depiction as Fiction: A Comment on “Fictional First Memories” (Akhtar, Justice, Morrison, & Conway, 2018)","Patricia J._Bauer, Lynne_Baker-Ward, Peter_Krøjgaard, Carole_Peterson, Qi_Wang",2019,Sep,Psychological Science,30,9,1397-1399,10.1177/0956797619834510
2019-30-7-1097,Mind the (Inferential) Gap: Giles et al. (2018) Provide No Convincing Evidence for a Causal Relationship Between Interceptive-Timing Ability and Arithmetic Attainment,Charles_Hulme,2019,Jul,Psychological Science,30,7,1097-1098,10.1177/0956797619834513
2020-31-1-97,"Good Things Come to Those Who Wait: Delaying Gratification Likely Does Matter for Later Achievement (A Commentary on Watts, Duncan, & Quan, 2018)","Sabine_Doebel, Laura E._Michaelson, Yuko_Munakata",2020,Jan,Psychological Science,31,1,97-99,10.1177/0956797619839045
2019-30-9-1403,Deferred Feedback Does Not Dissociate Implicit and Explicit Category-Learning Systems: Commentary on Smith et al. (2014),"Mike E._Le Pelley, Ben R._Newell, Robert M._Nosofsky",2019,Sep,Psychological Science,30,9,1403-1409,10.1177/0956797619841264
2019-30-8-1245,Mutualistic Coupling Between Vocabulary and Reasoning in Young Children: A Replication and Extension of the Study by Kievit et al. (2017),"Rogier A._Kievit, Abe D._Hofman, Kate_Nation",2019,Aug,Psychological Science,30,8,1245-1252,10.1177/0956797619841265
2019-30-7-989,Memory for Repeated Images in Rapid-Serial-Visual-Presentation Streams of Thousands of Images,"Evelina_Thunell, Simon J._Thorpe",2019,Jul,Psychological Science,30,7,989-1000,10.1177/0956797619842251
2019-30-7-1001,Aversive Imagery Causes De Novo Fear Conditioning,"Erik M._Mueller, Matthias F. J._Sperl, Christian_Panitz",2019,Jul,Psychological Science,30,7,1001-1015,10.1177/0956797619842261
2019-30-7-963,Schema and Motor-Memory Consolidation,"Bradley R._King, Nina_Dolfen, Mareike A._Gann, Zenzi_Renard, Stephan P._Swinnen, Genevieve_Albouy",2019,Jul,Psychological Science,30,7,963-978,10.1177/0956797619847164
2019-30-7-1082,Letters Lost: Capturing Appearance in Crowded Peripheral Vision Reveals a New Kind of Masking,"Bilge_Sayim, Henry_Taylor",2019,Jul,Psychological Science,30,7,1082-1086,10.1177/0956797619847166
2019-30-7-1040,The Protective Effects of Supportive Parenting on the Relationship Between Adolescent Poverty and Resting-State Functional Brain Connectivity During Adulthood,"Gene H._Brody, Tianyi_Yu, Robin_Nusslock, Allen W._Barton, Gregory E._Miller, Edith_Chen, Christopher_Holmes, Michael_McCormick, Lawrence H._Sweet",2019,Jul,Psychological Science,30,7,1040-1049,10.1177/0956797619847989
2019-30-7-979,The Grateful Don’t Cheat: Gratitude as a Fount of Virtue,"David_DeSteno, Fred_Duong, Daniel_Lim, Shanyu_Kates",2019,Jul,Psychological Science,30,7,979-988,10.1177/0956797619848351
2019-30-7-1087,Can Psychological Traits Be Inferred From Spending? Evidence From Transaction Data,"Joe J._Gladstone, Sandra C._Matz, Alain_Lemaire",2019,Jul,Psychological Science,30,7,1087-1096,10.1177/0956797619849435
2019-30-7-1030,Perceived Weight Discrimination Mediates the Prospective Association Between Obesity and Physiological Dysregulation: Evidence From a Population-Based Cohort,"Michael_Daly, Angelina R._Sutin, Eric_Robinson",2019,Jul,Psychological Science,30,7,1030-1039,10.1177/0956797619849440
2019-30-7-1016,Individual Differences in the Association Between Subjective Stress and Heart Rate Are Related to Psychological and Physical Well-Being,"Sasha L._Sommerfeldt, Stacey M._Schaefer, Markus_Brauer, Carol D._Ryff, Richard J._Davidson",2019,Jul,Psychological Science,30,7,1016-1029,10.1177/0956797619849555
2019-30-8-1111,Happiness and Social Behavior,"Jordi_Quoidbach, Maxime_Taquet, Martin_Desseilles, Yves-Alexandre_de Montjoye, James J._Gross",2019,Aug,Psychological Science,30,8,1111-1122,10.1177/0956797619849666
2019-30-7-1050,Variation in the μ-Opioid Receptor Gene (OPRM1) Does Not Moderate Social-Rejection Sensitivity in Humans,"Emil_Persson, Erkin_Asutay, Markus_Heilig, Andreas_Löfberg, Nancy_Pedersen, Daniel_Västfjäll, Gustav_Tinghög",2019,Jul,Psychological Science,30,7,1050-1062,10.1177/0956797619849894
2019-30-7-1074,A Case of Evolutionary Mismatch? Why Facial Width-to-Height Ratio May Not Predict Behavioral Tendencies,"Dawei_Wang, Krishnan_Nair, Maryam_Kouchaki, Edward J._Zajac, Xiuxi_Zhao",2019,Jul,Psychological Science,30,7,1074-1081,10.1177/0956797619849928
2019-30-7-1063,Reaching to the Self: The Development of Infants’ Ability to Localize Targets on the Body,"Jackleen E._Leed, Lisa K._Chinn, Jeffrey J._Lockman",2019,Jul,Psychological Science,30,7,1063-1073,10.1177/0956797619850168
2019-30-7-1103,Using Behavioral Science To Inform Policies Limiting Sugary-Drink Portions: Reply to Wilson and Stolarz-Fantino (2018),"Leslie K._John, Grant E._Donnelly, Christina A._Roberto",2019,Jul,Psychological Science,30,7,1103-1105,10.1177/0956797619851731
2019-30-8-1161,High Endogenous Testosterone Levels Are Associated With Diminished Neural Emotional Control in Aggressive Police Recruits,"Reinoud_Kaldewaij, Saskia B. J._Koch, Wei_Zhang, Mahur M._Hashemi, Floris_Klumpers, Karin_Roelofs",2019,Aug,Psychological Science,30,8,1161-1173,10.1177/0956797619851753
2019-30-8-1123,Fear Without Context: Acute Stress Modulates the Balance of Cue-Dependent and Contextual Fear Learning,"Kathrin_Simon-Kutscher, Nadine_Wanke, Carlo_Hiller, Lars_Schwabe",2019,Aug,Psychological Science,30,8,1123-1135,10.1177/0956797619852027
2019-30-9-1259,Selection of Visual Objects in Perception and Working Memory One at a Time,"Nina_Thigpen, Nathan M._Petro, Jessica_Oschwald, Klaus_Oberauer, Andreas_Keil",2019,Sep,Psychological Science,30,9,1259-1272,10.1177/0956797619854067
2019-30-8-1136,Challenging Moral Attitudes With Moral Messages,"Andrew_Luttrell, Aviva_Philipp-Muller, Richard E._Petty",2019,Aug,Psychological Science,30,8,1136-1150,10.1177/0956797619854706
2019-30-8-1234,"Childhood Adversity, Socioeconomic Instability, Oxytocin-Receptor-Gene Methylation, and Romantic-Relationship Support Among Young African American Men","Steven M._Kogan, Dayoung_Bae, Junhan_Cho, Alicia K._Smith, Shota_Nishitani",2019,Aug,Psychological Science,30,8,1234-1244,10.1177/0956797619854735
2019-30-9-1273,Paying Back People Who Harmed Us but Not People Who Helped Us: Direct Negative Reciprocity Precedes Direct Positive Reciprocity in Early Development,"Nadia_Chernyak, Kristin L._Leimgruber, Yarrow C._Dunham, Jingshi_Hu, Peter R._Blake",2019,Sep,Psychological Science,30,9,1273-1286,10.1177/0956797619854975
2019-30-8-1151,Specks of Dirt and Tons of Pain: Dosage Distinguishes Impurity From Harm,"Joshua_Rottman, Liane_Young",2019,Aug,Psychological Science,30,8,1151-1160,10.1177/0956797619855382
2019-30-8-1186,College Expectations Promote College Attendance: Evidence From a Quasiexperimental Sibling Study,"Lauren D._Brumley, Michael A._Russell, Sara R._Jaffee",2019,Aug,Psychological Science,30,8,1186-1194,10.1177/0956797619855385
2019-30-8-1174,Capture and Control: Working Memory Modulates Attentional Capture by Reward-Related Stimuli,"Poppy_Watson, Daniel_Pearson, Michelle_Chow, Jan_Theeuwes, Reinout W._Wiers, Steven B._Most, Mike E._Le Pelley",2019,Aug,Psychological Science,30,8,1174-1185,10.1177/0956797619855964
2019-30-9-1318,Suboptimal Engagement of High-Level Cortical Regions Predicts Random-Noise-Related Gains in Sustained Attention,"Siobhán_Harty, Roi_Cohen Kadosh",2019,Sep,Psychological Science,30,9,1318-1332,10.1177/0956797619856658
2019-30-8-1195,The Illusion of Consensus: A Failure to Distinguish Between True and False Consensus,"Sami R._Yousif, Rosie_Aboody, Frank C._Keil",2019,Aug,Psychological Science,30,8,1195-1204,10.1177/0956797619856844
2019-30-8-1218,What the Future Holds and When: A Description–Experience Gap in Intertemporal Choice,"Junyi_Dai, Thorsten_Pachur, Timothy J._Pleskac, Ralph_Hertwig",2019,Aug,Psychological Science,30,8,1218-1233,10.1177/0956797619858969
2019-30-9-1352,Separate Contribution of Striatum Volume and Pitch Discrimination to Individual Differences in Music Reward,"Mireia_Hernández, María-Ángeles_Palomar-García, Benito_Nohales-Nieto, Gustau_Olcina-Sempere, Esteban_Villar-Rodríguez, Raúl_Pastor, César_Ávila, Maria-Antònia_Parcet",2019,Sep,Psychological Science,30,9,1352-1361,10.1177/0956797619859339
2019-30-8-1205,Inheritance of Neural Substrates for Motivation and Pleasure,"Zhi_Li, Yi_Wang, Chao_Yan, Eric F. C._Cheung, Anna R._Docherty, Pak C._Sham, Raquel E._Gur, Ruben C._Gur, Raymond C. K._Chan",2019,Aug,Psychological Science,30,8,1205-1217,10.1177/0956797619859340
2019-30-10-1434,Action Fluency Facilitates Perceptual Discrimination,"Jianfei_Guo, Joo-Hyun_Song",2019,Oct,Psychological Science,30,10,1434-1448,10.1177/0956797619859361
2019-30-9-1303,"Forgetting Is a Feature, Not a Bug: Intentionally Forgetting Some Things Helps Us Remember Others by Freeing Up Working Memory Resources","Vencislav_Popov, Ivan_Marevic, Jan_Rummel, Lynne M._Reder",2019,Sep,Psychological Science,30,9,1303-1317,10.1177/0956797619859531
2019-30-9-1371,Debiasing Training Improves Decision Making in the Field,"Anne-Laure_Sellier, Irene_Scopelliti, Carey K._Morewedge",2019,Sep,Psychological Science,30,9,1371-1379,10.1177/0956797619861429
2019-30-9-1333,The Effect of Older Siblings on Language Development as a Function of Age Difference and Sex,"Naomi_Havron, Franck_Ramus, Barbara_Heude, Anne_Forhan, Alejandrina_Cristia, Hugo_Peyre, I._Annesi-Maesano, J. Y._Bernard, J._Botton, M. A._Charles, P._Dargent-Molina, B._de Lauzon-Guillain, P._Ducimetière, M._De Agostini, B._Foliguet, A._Forhan, X._Fritel, A._Germa, V._Goua, R._Hankard, B._Heude, M._Kaminski, B._Larroque, N._Lelong, J._Lepeule, G._Magnin, L._Marchand, C._Nabet, F._Pierre, R._Slama, M. J._Saurel-Cubizolles, M._Schweitzer, O._Thiebaugeorges, NA_NA",2019,Sep,Psychological Science,30,9,1333-1343,10.1177/0956797619861436
2020-31-1-100,"Re-Revisiting the Marshmallow Test: A Direct Comparison of Studies by Shoda, Mischel, and Peake (1990) and Watts, Duncan, and Quan (2018)","Armin_Falk, Fabian_Kosse, Pia_Pinger",2020,Jan,Psychological Science,31,1,100-104,10.1177/0956797619861720
2019-30-9-1344,How Much Knowledge Is Too Little? When a Lack of Knowledge Becomes a Barrier to Comprehension,"Tenaha_O’Reilly, Zuowei_Wang, John_Sabatini",2019,Sep,Psychological Science,30,9,1344-1351,10.1177/0956797619862276
2019-30-11-1648,How to Create Objects With Your Mind: From Object-Based Attention to Attention-Based Objects,"Joan Danielle K._Ongchoco, Brian J._Scholl",2019,Nov,Psychological Science,30,11,1648-1655,10.1177/0956797619863072
2019-30-11-1561,Searching for Rewards Like a Child Means Less Generalization and More Directed Exploration,"Eric_Schulz, Charley M._Wu, Azzurra_Ruggeri, Björn_Meder",2019,Nov,Psychological Science,30,11,1561-1572,10.1177/0956797619863663
2019-30-11-1573,Poverty and Puberty: A Neurocognitive Study of Inhibitory Control in the Transition to Adolescence,"Kirby_Deater-Deckard, Mengjiao_Li, Jacob_Lee, Brooks_King-Casas, Jungmeen_Kim-Spoon",2019,Nov,Psychological Science,30,11,1573-1583,10.1177/0956797619863780
2019-30-10-1413,Neurobiological Functioning and the Personality-Trait Hierarchy: Central Serotonergic Responsivity and the Stability Metatrait,"Aidan G. C._Wright, Kasey G._Creswell, Janine D._Flory, Matthew F._Muldoon, Stephen B._Manuck",2019,Oct,Psychological Science,30,10,1413-1423,10.1177/0956797619864530
2019-30-10-1424,Hide or Seek? Physiological Responses Reflect Both the Decision and the Attempt to Conceal Information,"Nathalie_klein Selle, Naama_Agari, Gershon_Ben-Shakhar",2019,Oct,Psychological Science,30,10,1424-1433,10.1177/0956797619864598
2019-30-9-1287,Relational Scaffolding Enhances Children’s Understanding of Scientific Models,"Benjamin D._Jee, Florencia K._Anggoro",2019,Sep,Psychological Science,30,9,1287-1302,10.1177/0956797619864601
2019-30-10-1449,False Memories for Fake News During Ireland’s Abortion Referendum,"Gillian_Murphy, Elizabeth F._Loftus, Rebecca Hofstein_Grady, Linda J._Levine, Ciara M._Greene",2019,Oct,Psychological Science,30,10,1449-1459,10.1177/0956797619864887
2019-30-9-1362,Hypnotic Suggestions Can Induce Rapid Change in Implicit Attitudes,"Pieter_Van Dessel, Jan_De Houwer",2019,Sep,Psychological Science,30,9,1362-1370,10.1177/0956797619865183
2019-30-9-1392,"Should Trolleys Be Scared of Mice? Replies to Evans and Brandt (2019); Białek, Turpin, and Fugelsang (2019); Colman, Gold, and Pulford (2019); and Plunkett and Greene (2019)","Dries H._Bostyn, Arne_Roets",2019,Sep,Psychological Science,30,9,1392-1396,10.1177/0956797619865236
2019-30-10-1473,A Protracted Sensitive Period Regulates the Development of Cross-Modal Sound–Shape Associations in Humans,"Suddha_Sourav, Ramesh_Kekunnaya, Idris_Shareef, Seema_Banerjee, Davide_Bottari, Brigitte_Röder",2019,Oct,Psychological Science,30,10,1473-1482,10.1177/0956797619866625
2020-31-6-741,"On the Limited Generality of Air Pollution and Anxiety as Causal Determinants of Unethical Behavior: Commentary on Lu, Lee, Gino, and Galinsky (2018)","Daniel W._Heck, Isabel_Thielmann, Sina A._Klein, Benjamin E._Hilbig",2020,Jun,Psychological Science,31,6,741-747,10.1177/0956797619866627
2019-30-10-1483,Visual Search for People Among People,"Liuba_Papeo, Nicolas_Goupil, Salvador_Soto-Faraco",2019,Oct,Psychological Science,30,10,1483-1496,10.1177/0956797619867295
2019-30-11-1584,Rushing to Appear Virtuous: Time Pressure Increases Socially Desirable Responding,"John_Protzko, Claire M._Zedelius, Jonathan W._Schooler",2019,Nov,Psychological Science,30,11,1584-1591,10.1177/0956797619867939
2019-30-10-1510,Predicting Exercise With a Personality Facet: Planfulness and Goal Achievement,"Rita M._Ludwig, Sanjay_Srivastava, Elliot T._Berkman",2019,Oct,Psychological Science,30,10,1510-1521,10.1177/0956797619868812
2019-30-9-1400,"What Are Autobiographical Memories? A Reply to Bauer, Baker-Ward, Krøjgaard, Peterson, and Wang (2019)","Shazia_Akhtar, Lucy V._Justice, Catriona M._Morrison, Martin A._Conway, Mark L._Howe",2019,Sep,Psychological Science,30,9,1400-1402,10.1177/0956797619868994
2019-30-10-1460,The Implications of Sociosexuality for Marital Satisfaction and Dissolution,"Juliana E._French, Emma E._Altgelt, Andrea L._Meltzer",2019,Oct,Psychological Science,30,10,1460-1472,10.1177/0956797619868997
2019-30-11-1592,Automated Study Challenges the Existence of a Foundational Statistical-Learning Ability in Newborn Chicks,"Samantha M. W._Wood, Scott P._Johnson, Justin N._Wood",2019,Nov,Psychological Science,30,11,1592-1602,10.1177/0956797619868998
2019-30-10-1522,Remapping Peripersonal Space by Using Foot-Sole Vibrations Without Any Body Movement,"Tomohiro_Amemiya, Yasushi_Ikei, Michiteru_Kitazaki",2019,Oct,Psychological Science,30,10,1522-1532,10.1177/0956797619869337
2019-30-10-1497,Scenes Modulate Object Processing Before Interacting With Memory Templates,"Surya_Gayet, Marius V._Peelen",2019,Oct,Psychological Science,30,10,1497-1509,10.1177/0956797619869905
2019-30-10-1533,Crowding and Binding: Not All Feature Dimensions Behave in the Same Way,"Amit_Yashar, Xiuyun_Wu, Jiageng_Chen, Marisa_Carrasco",2019,Oct,Psychological Science,30,10,1533-1546,10.1177/0956797619870779
2019-30-11-1603,Increasing Vegetable Intake by Emphasizing Tasty and Enjoyable Attributes: A Randomized Controlled Multisite Intervention for Taste-Focused Labeling,"Bradley P._Turnwald, Jaclyn D._Bertoldo, Margaret A._Perry, Peggy_Policastro, Maureen_Timmons, Christopher_Bosso, Priscilla_Connors, Robert T._Valgenti, Lindsey_Pine, Ghislaine_Challamel, Christopher D._Gardner, Alia J._Crum",2019,Nov,Psychological Science,30,11,1603-1615,10.1177/0956797619872191
2019-30-10-1547,Visual Search May Not Require Target Representation in Working Memory or Long-Term Memory,"Zhi_Li, Keyun_Xin, Jiafei_Lou, Zeyu_Li",2019,Oct,Psychological Science,30,10,1547-1555,10.1177/0956797619872749
2020-31-3-338,"Is There a Gender-Equality Paradox in Science, Technology, Engineering, and Math (STEM)? Commentary on the Study by Stoet and Geary (2018)","Sarah S._Richardson, Meredith W._Reiches, Joe_Bruch, Marion_Boulicault, Nicole E._Noll, Heather_Shattuck-Heidorn",2020,Mar,Psychological Science,31,3,338-341,10.1177/0956797619872762
2019-30-11-1616,Targeted Memory Reactivation During Sleep Improves Next-Day Problem Solving,"Kristin E. G._Sanders, Samuel_Osburn, Ken A._Paller, Mark_Beeman",2019,Nov,Psychological Science,30,11,1616-1624,10.1177/0956797619873344
2019-30-11-1625,“Our Country Needs a Strong Leader Right Now”: Economic Inequality Enhances the Wish for a Strong Leader,"Stefanie_Sprong, Jolanda_Jetten, Zhechen_Wang, Kim_Peters, Frank_Mols, Maykel_Verkuyten, Brock_Bastian, Amarina_Ariyanto, Frédérique_Autin, Nadia_Ayub, Constantina_Badea, Tomasz_Besta, Fabrizio_Butera, Rui_Costa-Lopes, Lijuan_Cui, Carole_Fantini, Gillian_Finchilescu, Lowell_Gaertner, Mario_Gollwitzer, Ángel_Gómez, Roberto_González, Ying-Yi_Hong, Dorthe Høj_Jensen, Inga_Jasinskaja-Lahti, Minoru_Karasawa, Thomas_Kessler, Olivier_Klein, Marcus_Lima, Laura_Mégevand, Thomas_Morton, Paola_Paladino, Tibor_Polya, Tuuli Anna_Renvik, Aleksejs_Ruza, Wan_Shahrazad, Sushama_Shama, Heather J._Smith, Ana Raquel_Torres, Anne Marthe_van der Bles, Michael J. A._Wohl",2019,Nov,Psychological Science,30,11,1625-1637,10.1177/0956797619875472
2019-30-11-1638,Sound-Symbolism Effects in the Absence of Awareness: A Replication Study,"Tom_Heyman, Anne-Sofie_Maerten, Hendrik_Vankrunkelsven, Wouter_Voorspoels, Pieter_Moors",2019,Nov,Psychological Science,30,11,1638-1647,10.1177/0956797619875482
2019-30-11-1656,Visually Entrained Theta Oscillations Increase for Unexpected Events in the Infant Brain,"Moritz_Köster, Miriam_Langeloh, Stefanie_Hoehl",2019,Nov,Psychological Science,30,11,1656-1663,10.1177/0956797619876260
2019-30-12-1674,The Sign Effect in Past and Future Discounting,"Sarah_Molouki, David J._Hardisty, Eugene M._Caruso",2019,Dec,Psychological Science,30,12,1674-1695,10.1177/0956797619876982
2020-31-1-6,Infant and Adult Brains Are Coupled to the Dynamics of Natural Communication,"Elise A._Piazza, Liat_Hasenfratz, Uri_Hasson, Casey_Lew-Williams",2020,Jan,Psychological Science,31,1,6-17,10.1177/0956797619878698
2019-30-12-1724,Enhancement and Suppression Flexibly Guide Attention,"Seah_Chang, Howard E._Egeth",2019,Dec,Psychological Science,30,12,1724-1732,10.1177/0956797619878813
2020-31-1-18,The Value of Interracial Contact for Reducing Anti-Black Bias Among Non-Black Physicians: A Cognitive Habits and Growth Evaluation (CHANGE) Study Report,"Ivuoma N._Onyeador, Natalie M._Wittlin, Sara E._Burke, John F._Dovidio, Sylvia P._Perry, Rachel R._Hardeman, Liselotte N._Dyrbye, Jeph_Herrin, Sean M._Phelan, Michelle_van Ryn",2020,Jan,Psychological Science,31,1,18-30,10.1177/0956797619879139
2019-30-12-1696,Development of Holistic Episodic Recollection,"Chi T._Ngo, Aidan J._Horner, Nora S._Newcombe, Ingrid R._Olson",2019,Dec,Psychological Science,30,12,1696-1706,10.1177/0956797619879441
2019-30-12-1733,Not Learning From Failure—the Greatest Failure of All,"Lauren_Eskreis-Winkler, Ayelet_Fishbach",2019,Dec,Psychological Science,30,12,1733-1744,10.1177/0956797619881133
2019-30-12-1707,Reading Increases the Compositionality of Visual Word Representations,"Aakash_Agrawal, K. V. S._Hari, S. P._Arun",2019,Dec,Psychological Science,30,12,1707-1723,10.1177/0956797619881134
2020-31-4-424,Probing Ovulatory-Cycle Shifts in Women’s Preferences for Men’s Behaviors,"Julia_Stern, Tanja M._Gerlach, Lars_Penke",2020,Apr,Psychological Science,31,4,424-436,10.1177/0956797619882022
2019-30-12-1745,"The Ethical Perils of Personal, Communal Relations: A Language Perspective","Maryam_Kouchaki, Francesca_Gino, Yuval_Feldman",2019,Dec,Psychological Science,30,12,1745-1766,10.1177/0956797619882917
2019-30-12-1767,How to Change the Weight of Rare Events in Decisions From Experience,"Jared M._Hotaling, Andreas_Jarvstad, Chris_Donkin, Ben R._Newell",2019,Dec,Psychological Science,30,12,1767-1779,10.1177/0956797619884324
2020-31-7-890,"Weak and Variable Effects of Exogenous Testosterone on Cognitive Reflection Test Performance in Three Experiments: Commentary on Nave, Nadler, Zava, and Camerer (2017)","Erik L._Knight, Blakeley B._McShane, Hana H._Kutlikova, Pablo J._Morales, Colton B._Christian, William T._Harbaugh, Ulrich_Mayr, Triana L._Ortiz, Kimberly_Gilbert, Christine_Ma-Kellams, Igor_Riečanský, Neil V._Watson, Christoph_Eisenegger, Claus_Lamm, Pranjal H._Mehta, Justin M._Carré",2020,Jul,Psychological Science,31,7,890-897,10.1177/0956797619885607
2019-30-12-1780,Lipid Profiles at Birth Predict Teacher-Rated Child Emotional and Social Development 5 Years Later,"Erika M._Manczak, Ian H._Gotlib",2019,Dec,Psychological Science,30,12,1780-1789,10.1177/0956797619885649
2020-31-1-31,Distracting Objects Induce Early Quitting in Visual Search,Jeff_Moher,2020,Jan,Psychological Science,31,1,31-42,10.1177/0956797619886809
2020-31-1-51,Cultural Variability in the Association Between Age and Well-Being: The Role of Uncertainty Avoidance,"Smaranda Ioana_Lawrie, Kimin_Eom, Daniela_Moza, Alin_Gavreliuc, Heejung S._Kim",2020,Jan,Psychological Science,31,1,51-64,10.1177/0956797619887348
2020-31-1-75,Misinformation and Morality: Encountering Fake-News Headlines Makes Them Seem Less Unethical to Publish and Share,"Daniel A._Effron, Medha_Raj",2020,Jan,Psychological Science,31,1,75-87,10.1177/0956797619887896
2020-31-1-43,Use of Letter Names Benefits Young Children’s Spelling,"Rebecca_Treiman, Sloane_Wolter",2020,Jan,Psychological Science,31,1,43-50,10.1177/0956797619888837
2020-31-2-115,Implicit Gender Bias in Linguistic Descriptions for Expected Events: The Cases of the 2016 United States and 2017 United Kingdom Elections,"Titus_von der Malsburg, Till_Poppels, Roger P._Levy",2020,Feb,Psychological Science,31,2,115-128,10.1177/0956797619890619
2020-31-1-88,On Why Objects Appear Smaller in the Visual Periphery,"Wladimir_Kirsch, Roland_Pfister, Wilfried_Kunde",2020,Jan,Psychological Science,31,1,88-96,10.1177/0956797619892624
2020-31-1-65,Forecasting a Fatal Decision: Direct Replication of the Predictive Validity of the Suicide–Implicit Association Test,"Nina_Tello, Ghina_Harika-Germaneau, Wilfried_Serra, Nematollah_Jaafari, Armand_Chatard",2020,Jan,Psychological Science,31,1,65-74,10.1177/0956797619893062
2020-31-3-243,Do People Want to Be More Moral?,"Jessie_Sun, Geoffrey P._Goodwin",2020,Mar,Psychological Science,31,3,243-257,10.1177/0956797619893078
2020-31-1-105,"Controlling, Confounding, and Construct Clarity: Responding to Criticisms of “Revisiting the Marshmallow Test” by Doebel, Michaelson, and Munakata (2020) and Falk, Kosse, and Pinger (2020)","Tyler W._Watts, Greg J._Duncan",2020,Jan,Psychological Science,31,1,105-108,10.1177/0956797619893606
2019-30-12-1669,Swan Song Editorial,D. Stephen_Lindsay,2019,Dec,Psychological Science,30,12,1669-1673,10.1177/0956797619893653
2020-31-2-139,Children Delay Gratification for Cooperative Ends,"Rebecca_Koomen, Sebastian_Grueneisen, Esther_Herrmann",2020,Feb,Psychological Science,31,2,139-148,10.1177/0956797619894205
2020-31-2-202,Language-Style Similarity and Social Networks,"Balazs_Kovacs, Adam M._Kleinbaum",2020,Feb,Psychological Science,31,2,202-213,10.1177/0956797619894557
2020-31-2-149,Young Children Use Probability to Infer Happiness and the Quality of Outcomes,"Tiffany_Doan, Ori_Friedman, Stephanie_Denison",2020,Feb,Psychological Science,31,2,149-159,10.1177/0956797619895282
2020-31-2-160,Body Maps of Moral Concerns,"Mohammad_Atari, Aida_Mostafazadeh Davani, Morteza_Dehghani",2020,Feb,Psychological Science,31,2,160-169,10.1177/0956797619895284
2020-31-3-280,Conflict Changes How People View God,"Nava_Caluori, Joshua Conrad_Jackson, Kurt_Gray, Michele_Gelfand",2020,Mar,Psychological Science,31,3,280-292,10.1177/0956797619895286
2020-31-2-193,"Same Data Set, Different Conclusions: Preschool Delay of Gratification Predicts Later Behavioral Outcomes in a Preregistered Study","Laura E._Michaelson, Yuko_Munakata",2020,Feb,Psychological Science,31,2,193-201,10.1177/0956797619896270
2020-31-2-214,Two Preregistered Direct Replications of “Objects Don’t Object: Evidence That Self-Objectification Disrupts Women’s Social Activism”,"Matthias_De Wilde, Annalisa_Casini, Philippe_Bernard, Robin_Wollast, Olivier_Klein, Stéphanie_Demoulin",2020,Feb,Psychological Science,31,2,214-223,10.1177/0956797619896273
2020-31-3-268,Predicting Real-Life Self-Control From Brain Activity Encoding the Value of Anticipated Future Outcomes,"Klaus-Martin_Krönke, Max_Wolff, Holger_Mohr, Anja_Kräplin, Michael N._Smolka, Gerhard_Bühringer, Thomas_Goschke",2020,Mar,Psychological Science,31,3,268-279,10.1177/0956797619896357
2020-31-3-258,How Firm Are the Foundations of Mind-Set Theory? The Claims Appear Stronger Than the Evidence,"Alexander P._Burgoyne, David Z._Hambrick, Brooke N._Macnamara",2020,Mar,Psychological Science,31,3,258-267,10.1177/0956797619897588
2020-31-2-170,RETRACTED: Declines in Religiosity Predict Increases in Violent Crime—but Not Among Countries With Relatively High Average IQ,"Cory J._Clark, Bo M._Winegard, Jordan_Beardslee, Roy F._Baumeister, Azim F._Shariff",2020,Feb,Psychological Science,31,2,170-183,10.1177/0956797619897915
2020-31-2-129,Design Drives Discovery in Causal Learning,"Caren M._Walker, Alexandra_Rett, Elizabeth_Bonawitz",2020,Feb,Psychological Science,31,2,129-138,10.1177/0956797619898134
2020-31-1-3,Expanding the Reach of Psychological Science,Patricia J._Bauer,2020,Jan,Psychological Science,31,1,3-5,10.1177/0956797619898664
2020-31-3-293,Subjective Well-Being Around the World: Trends and Predictors Across the Life Span,"Andrew T._Jebb, Mike_Morrison, Louis_Tay, Ed_Diener",2020,Mar,Psychological Science,31,3,293-305,10.1177/0956797619898826
2020-31-2-184,Sex Differences in Misperceptions of Sexual Interest Can Be Explained by Sociosexual Orientation and Men Projecting Their Own Interest Onto Women,"Anthony J._Lee, Morgan J._Sidari, Sean C._Murphy, James M._Sherlock, Brendan P._Zietsch",2020,Feb,Psychological Science,31,2,184-192,10.1177/0956797619900315
2020-31-3-227,What We Owe to Family: The Impact of Special Obligations on Moral Judgment,"Ryan M._McManus, Max_Kleiman-Weiner, Liane_Young",2020,Mar,Psychological Science,31,3,227-242,10.1177/0956797619900321
2020-31-5-488,Action Effects on Visual Perception of Distances: A Multilevel Bayesian Meta-Analysis,"Lisa_Molto, Ladislas_Nalborczyk, Richard_Palluel-Germain, Nicolas_Morgado",2020,May,Psychological Science,31,5,488-504,10.1177/0956797619900336
2020-31-3-306,"Turtle, Task Ninja, or Time Waster? Who Cares? Traditional Task-Completion Strategies Are Overrated","Lisa_Vangsness, Michael E._Young",2020,Mar,Psychological Science,31,3,306-315,10.1177/0956797619901267
2020-31-4-381,The Effects of Three-Dimensional Context on Shape Perception,"Margaret E._Sereno, Kelly E._Robles, Atsushi_Kikumoto, Alexander J._Bies",2020,Apr,Psychological Science,31,4,381-396,10.1177/0956797620901749
2020-31-3-316,A Specificity Principle of Memory: Evidence From Aging and Associative Memory,"Nathaniel R._Greene, Moshe_Naveh-Benjamin",2020,Mar,Psychological Science,31,3,316-331,10.1177/0956797620901760
2020-31-4-351,Ongoing Cognitive Processing Influences Precise Eye-Movement Targets in Reading,"Klinton_Bicknell, Roger_Levy, Keith_Rayner",2020,Apr,Psychological Science,31,4,351-362,10.1177/0956797620901766
2020-31-3-332,"Replicating Roaches: A Preregistered Direct Replication of Zajonc, Heingartner, and Herman’s (1969) Social-Facilitation Study","Emma_Halfmann, Janne_Bredehöft, Jan Alexander_Häusser",2020,Mar,Psychological Science,31,3,332-337,10.1177/0956797620902101
2020-31-4-397,Thinking of You: How Second-Person Pronouns Shape Cultural Success,"Grant_Packard, Jonah_Berger",2020,Apr,Psychological Science,31,4,397-407,10.1177/0956797620902380
2020-31-5-548,"Bilingualism Affords No General Cognitive Advantages: A Population Study of Executive Function in 11,000 People","Emily S._Nichols, Conor J._Wild, Bobby_Stojanoski, Michael E._Battista, Adrian M._Owen",2020,May,Psychological Science,31,5,548-567,10.1177/0956797620903113
2020-31-4-460,"Does Honesty Require Time? Two Preregistered Direct Replications of Experiment 2 of Shalvi, Eldar, and Bereby-Meyer (2012)","Ine_Van der Cruyssen, Jonathan_D’hondt, Ewout_Meijer, Bruno_Verschuere",2020,Apr,Psychological Science,31,4,460-467,10.1177/0956797620903716
2020-31-4-437,Achieving More With Less: Intuitive Correction in Selection,"Hagai_Rabinovitch, Yoella_Bereby-Meyer, David V._Budescu",2020,Apr,Psychological Science,31,4,437-448,10.1177/0956797620903717
2020-31-3-345,"Correlated Individual Differences in the Estimated Precision of Working Memory and Long-Term Memory: Commentary on the Study by Biderman, Luria, Teodorescu, Hajaj, and Goshen-Gottstein (2019)","Weizhen_Xie, Hyung-Bum_Park, Kareem A._Zaghloul, Weiwei_Zhang",2020,Mar,Psychological Science,31,3,345-348,10.1177/0956797620903718
2020-31-4-468,Disentangling the Roles of Cue Visibility and Knowledge in Adjusting Cognitive Control: A Preregistered Direct Replication of the Farooqui and Manly (2015) Study,"Christina_Bejjani, Jack_Dolgin, Ziwei_Zhang, Tobias_Egner",2020,Apr,Psychological Science,31,4,468-479,10.1177/0956797620904045
2020-31-3-342,The Gender-Equality Paradox Is Part of a Bigger Phenomenon: Reply to Richardson and Colleagues (2020),"Gijsbert_Stoet, David C._Geary",2020,Mar,Psychological Science,31,3,342-344,10.1177/0956797620904134
2020-31-4-408,Sex Differences in Mate Preferences Across 45 Countries: A Large-Scale Replication,"Kathryn V._Walter, Daniel_Conroy-Beam, David M._Buss, Kelly_Asao, Agnieszka_Sorokowska, Piotr_Sorokowski, Toivo_Aavik, Grace_Akello, Mohammad Madallh_Alhabahba, Charlotte_Alm, Naumana_Amjad, Afifa_Anjum, Chiemezie S._Atama, Derya_Atamtürk Duyar, Richard_Ayebare, Carlota_Batres, Mons_Bendixen, Aicha_Bensafia, Boris_Bizumic, Mahmoud_Boussena, Marina_Butovskaya, Seda_Can, Katarzyna_Cantarero, Antonin_Carrier, Hakan_Cetinkaya, Ilona_Croy, Rosa María_Cueto, Marcin_Czub, Daria_Dronova, Seda_Dural, Izzet_Duyar, Berna_Ertugrul, Agustín_Espinosa, Ignacio_Estevan, Carla Sofia_Esteves, Luxi_Fang, Tomasz_Frackowiak, Jorge Contreras_Garduño, Karina Ugalde_González, Farida_Guemaz, Petra_Gyuris, Mária_Halamová, Iskra_Herak, Marina_Horvat, Ivana_Hromatko, Chin-Ming_Hui, Jas Laile_Jaafar, Feng_Jiang, Konstantinos_Kafetsios, Tina_Kavčič, Leif Edward Ottesen_Kennair, Nicolas_Kervyn, Truong Thi_Khanh Ha, Imran Ahmed_Khilji, Nils C._Köbis, Hoang Moc_Lan, András_Láng, Georgina R._Lennard, Ernesto_León, Torun_Lindholm, Trinh Thi_Linh, Giulia_Lopez, Nguyen_Van Luot, Alvaro_Mailhos, Zoi_Manesi, Rocio_Martinez, Sarah L._McKerchar, Norbert_Meskó, Girishwar_Misra, Conal_Monaghan, Emanuel C._Mora, Alba_Moya-Garófano, Bojan_Musil, Jean Carlos_Natividade, Agnieszka_Niemczyk, George_Nizharadze, Elisabeth_Oberzaucher, Anna_Oleszkiewicz, Mohd Sofian_Omar-Fauzee, Ike E._Onyishi, Baris_Özener, Ariela Francesca_Pagani, Vilmante_Pakalniskiene, Miriam_Parise, Farid_Pazhoohi, Annette_Pisanski, Katarzyna_Pisanski, Edna_Ponciano, Camelia_Popa, Pavol_Prokop, Muhammad_Rizwan, Mario_Sainz, Svjetlana_Salkičević, Ruta_Sargautyte, Ivan_Sarmány-Schuller, Susanne_Schmehl, Shivantika_Sharad, Razi Sultan_Siddiqui, Franco_Simonetti, Stanislava Yordanova_Stoyanova, Meri_Tadinac, Marco Antonio Correa_Varella, Christin-Melanie_Vauclair, Luis Diego_Vega, Dwi Ajeng_Widarini, Gyesook_Yoo, Marta_Zat’ková, Maja_Zupančič",2020,Apr,Psychological Science,31,4,408-423,10.1177/0956797620904154
2020-31-5-568,Aggressive Realism: More Efficient Processing of Anger in Physically Aggressive Individuals,"Grace M._Brennan, Arielle R._Baskin-Sommers",2020,May,Psychological Science,31,5,568-581,10.1177/0956797620904157
2020-31-5-582,Comparison of Adopted and Nonadopted Individuals Reveals Gene–Environment Interplay for Education in the UK Biobank,"Rosa_Cheesman, Avina_Hunjan, Jonathan R. I._Coleman, Yasmin_Ahmadzadeh, Robert_Plomin, Tom A._McAdams, Thalia C._Eley, Gerome_Breen",2020,May,Psychological Science,31,5,582-591,10.1177/0956797620904450
2020-31-6-623,"Reframing Achievement Setbacks: A Motivation Intervention to Improve 8-Year Graduation Rates for Students in Science, Technology, Engineering, and Mathematics (STEM) Fields","Jeremy M._Hamm, Raymond P._Perry, Judith G._Chipperfield, Steve_Hladkyj, Patti C._Parker, Bernard_Weiner",2020,Jun,Psychological Science,31,6,623-633,10.1177/0956797620904451
2020-31-6-607,The Distinct Effects of Empathic Accuracy for a Romantic Partner’s Appeasement and Dominance Emotions,"Bonnie M._Le, Stéphane_Côté, Jennifer_Stellar, Emily A._Impett",2020,Jun,Psychological Science,31,6,607-622,10.1177/0956797620904975
2020-31-4-363,Artificial Intelligence and Persuasion: A Construal-Level Account,"Tae Woo_Kim, Adam_Duhachek",2020,Apr,Psychological Science,31,4,363-380,10.1177/0956797620904985
2020-31-5-531,Strong Effort Manipulations Reduce Response Caution: A Preregistered Reinvention of the Ego-Depletion Paradigm,"Hause_Lin, Blair_Saunders, Malte_Friese, Nathan J._Evans, Michael_Inzlicht",2020,May,Psychological Science,31,5,531-547,10.1177/0956797620904990
2020-31-4-449,The Scent of a Good Night’s Sleep: Olfactory Cues of a Romantic Partner Improve Sleep Efficiency,"Marlise K._Hofer, Frances S._Chen",2020,Apr,Psychological Science,31,4,449-459,10.1177/0956797620905615
2020-31-6-654,Higher-Level Meta-Adaptation Mitigates Visual Distortions Produced by Lower-Level Adaptation,"Xinyu_Liu, Stephen A._Engel",2020,Jun,Psychological Science,31,6,654-662,10.1177/0956797620907090
2020-31-5-518,Can Bad Be Good? The Attraction of a Darker Self,"Rebecca J._Krause, Derek D._Rucker",2020,May,Psychological Science,31,5,518-530,10.1177/0956797620909742
2020-31-5-505,"Making It Harder to “See” Meaning: The More You See Something, the More Its Conceptual Representation Is Susceptible to Visual Interference","Charles P._Davis, Gitte H._Joergensen, Peter_Boddy, Caitlin_Dowling, Eiling_Yee",2020,May,Psychological Science,31,5,505-517,10.1177/0956797620910748
2020-31-5-592,Anxiety Impedes Adaptive Social Learning Under Uncertainty,"Amrita_Lamba, Michael J._Frank, Oriel_FeldmanHall",2020,May,Psychological Science,31,5,592-603,10.1177/0956797620910993
2020-31-6-663,B or 13? Unconscious Top-Down Contextual Effects at the Categorical but Not the Lexical Level,"Dan_Biderman, Yarden_Shir, Liad_Mudrik",2020,Jun,Psychological Science,31,6,663-677,10.1177/0956797620915887
2020-31-6-634,Transaction Frame Determines Preferences: Valuation of Labor by Employee and Contractor,"Ilana_Ritov, Amos_Schurr",2020,Jun,Psychological Science,31,6,634-643,10.1177/0956797620916521
2020-31-6-644,In Generous Offers I Trust: The Effect of First-Offer Value on Economically Vulnerable Behaviors,"Martha_Jeong, Julia A._Minson, Francesca_Gino",2020,Jun,Psychological Science,31,6,644-653,10.1177/0956797620916705
2020-31-6-702,"Truth, Lies, and Gossip","Kim_Peters, Miguel A._Fonseca",2020,Jun,Psychological Science,31,6,702-714,10.1177/0956797620916708
2020-31-6-678,"Beyond Western, Educated, Industrial, Rich, and Democratic (WEIRD) Psychology: Measuring and Mapping Scales of Cultural and Psychological Distance","Michael_Muthukrishna, Adrian V._Bell, Joseph_Henrich, Cameron M._Curtin, Alexander_Gedranovich, Jason_McInerney, Braden_Thue",2020,Jun,Psychological Science,31,6,678-701,10.1177/0956797620916782
2020-31-7-792,What Is the Test-Retest Reliability of Common Task-Functional MRI Measures? New Empirical Evidence and a Meta-Analysis,"Maxwell L._Elliott, Annchen R._Knodt, David_Ireland, Meriwether L._Morris, Richie_Poulton, Sandhya_Ramrakha, Maria L._Sison, Terrie E._Moffitt, Avshalom_Caspi, Ahmad R._Hariri",2020,Jul,Psychological Science,31,7,792-806,10.1177/0956797620916786
2020-31-6-729,Neural Representations of Procedural Knowledge,"Robert A._Mason, Marcel Adam_Just",2020,Jun,Psychological Science,31,6,729-740,10.1177/0956797620916806
2020-31-7-781,The Earliest Origins of Genetic Nurture: The Prenatal Environment Mediates the Association Between Maternal Genetics and Child Development,"Emma_Armstrong-Carter, Sam_Trejo, Liam J. B._Hill, Kirsty L._Crossley, Dan_Mason, Benjamin W._Domingue",2020,Jul,Psychological Science,31,7,781-791,10.1177/0956797620917209
2020-31-7-822,Effortful Control Moderates the Relation Between Electronic-Media Use and Objective Sleep Indicators in Childhood,"Sierra_Clifford, Leah D._Doane, Reagan_Breitenstein, Kevin J._Grimm, Kathryn_Lemery-Chalfant",2020,Jul,Psychological Science,31,7,822-834,10.1177/0956797620919432
2020-31-7-807,Does Happiness Improve Health? Evidence From a Randomized Controlled Trial,"Kostadin_Kushlev, Samantha J._Heintzelman, Lesley D._Lutes, Derrick_Wirtz, Jacqueline M._Kanippayoor, Damian_Leitner, Ed_Diener",2020,Jul,Psychological Science,31,7,807-821,10.1177/0956797620919673
2020-31-6-715,Blind at First Sight: The Role of Distinctively Accurate and Positive First Impressions in Romantic Interest,"Lauren Gazzard_Kerr, Hasagani_Tissera, M. Joy_McClure, John E._Lydon, Mitja D._Back, Lauren J._Human",2020,Jun,Psychological Science,31,6,715-728,10.1177/0956797620919674
2020-31-8-911,The Development of Intersectional Social Prototypes,"Ryan F._Lei, Rachel A._Leshin, Marjorie_Rhodes",2020,Aug,Psychological Science,31,8,911-926,10.1177/0956797620920360
2020-31-5-483,"Practicing Good Laboratory Hygiene, Even in a Pandemic","Dwight J._Kravitz, Stephen R._Mitroff, Patricia J._Bauer",2020,May,Psychological Science,31,5,483-487,10.1177/0956797620920547
2020-31-8-927,Confidence in Context: Perceived Accuracy of Quantitative Estimates Decreases With Repeated Trials,"Julia A._Minson, Christopher_Umphres",2020,Aug,Psychological Science,31,8,927-943,10.1177/0956797620921517
2020-31-7-873,Learning Novel Skills From Iconic Gestures: A Developmental and Evolutionary Perspective,"Manuel_Bohn, Clara_Kordt, Maren_Braun, Josep_Call, Michael_Tomasello",2020,Jul,Psychological Science,31,7,873-880,10.1177/0956797620921519
2020-31-12-1511,"Dominance-Driven Autocratic Political Orientations Predict Political Violence in Western, Educated, Industrialized, Rich, and Democratic (WEIRD) and Non-WEIRD Samples","Henrikas_Bartusevičius, Florian_van Leeuwen, Michael Bang_Petersen",2020,Dec,Psychological Science,31,12,1511-1530,10.1177/0956797620922476
2020-31-7-858,"Do Religious Primes Increase Risk Taking? Evidence Against “Anticipating Divine Protection” in Two Preregistered Direct Replications of Kupor, Laurin, and Levav (2015)","Will M._Gervais, Stephanie E._McKee, Sarah_Malik",2020,Jul,Psychological Science,31,7,858-864,10.1177/0956797620922477
2020-31-7-848,The Psychological Appeal of Fake-News Attributions,"Jordan R._Axt, Mark J._Landau, Aaron C._Kay",2020,Jul,Psychological Science,31,7,848-857,10.1177/0956797620922785
2020-31-7-865,Can Short Psychological Interventions Affect Educational Performance? Revisiting the Effect of Self-Affirmation Interventions,"Marta_Serra-Garcia, Karsten T._Hansen, Uri_Gneezy",2020,Jul,Psychological Science,31,7,865-872,10.1177/0956797620923587
2020-31-6-756,Female Chess Players Show Typical Stereotype-Threat Effects: Commentary on Stafford (2018),"David_Smerdon, Hairong_Hu, Andrew_McLennan, William_von Hippel, Sabina_Albrecht",2020,Jun,Psychological Science,31,6,756-759,10.1177/0956797620924051
2020-31-7-835,The Contribution of Cognitive and Noncognitive Skills to Intergenerational Social Mobility,"Matt_McGue, Emily A._Willoughby, Aldo_Rustichini, Wendy_Johnson, William G._Iacono, James J._Lee",2020,Jul,Psychological Science,31,7,835-847,10.1177/0956797620924677
2020-31-6-748,"Air Pollution, State Anxiety, and Unethical Behavior: A Meta-Analytic Review","Jackson G._Lu, Julia J._Lee, Francesca_Gino, Adam D._Galinsky",2020,Jun,Psychological Science,31,6,748-755,10.1177/0956797620924765
2020-31-8-1001,Face Pareidolia Recruits Mechanisms for Detecting Human Social Attention,"Colin J._Palmer, Colin W. G._Clifford",2020,Aug,Psychological Science,31,8,1001-1012,10.1177/0956797620924814
2020-31-8-944,Young Adults Make Rational Sexual Decisions,"Laura E._Hatz, Sanghyuk_Park, Kayleigh N._McCarty, Denis M._McCarthy, Clintin P._Davis-Stober",2020,Aug,Psychological Science,31,8,944-956,10.1177/0956797620925036
2020-31-9-1084,Confidence as a Priority Signal,"David_Aguilar-Lleyda, Maxime_Lemarchand, Vincent_de Gardelle",2020,Sep,Psychological Science,31,9,1084-1096,10.1177/0956797620925039
2020-31-9-1071,Aging Predicts Decline in Explicit and Implicit Memory: A Life-Span Study,"Emma V._Ward, Christopher J._Berry, David R._Shanks, Petter L._Moller, Enida_Czsiser",2020,Sep,Psychological Science,31,9,1071-1083,10.1177/0956797620927648
2020-31-8-978,Affective Arousal Links Sound to Meaning,"Arash_Aryani, Erin S._Isbilen, Morten H._Christiansen",2020,Aug,Psychological Science,31,8,978-986,10.1177/0956797620927967
2020-31-8-957,“This Is What a Mechanic Sounds Like”: Children’s Vocal Control Reveals Implicit Occupational Stereotypes,"Valentina_Cartei, Jane_Oakhill, Alan_Garnham, Robin_Banerjee, David_Reby",2020,Aug,Psychological Science,31,8,957-967,10.1177/0956797620929297
2020-31-7-881,Neighborhood Deprivation Shapes Motivational-Neurocircuit Recruitment in Children,"Teagan S._Mullins, Ethan M._Campbell, Jeremy_Hogeveen",2020,Jul,Psychological Science,31,7,881-889,10.1177/0956797620929299
2020-31-8-968,Exploring the Impact of Mindfulness on False-Memory Susceptibility,"Susan M._Sherman, James A._Grange",2020,Aug,Psychological Science,31,8,968-977,10.1177/0956797620929302
2020-31-9-1097,"Cheaters, Liars, or Both? A New Classification of Dishonesty Profiles","David_Pascual-Ezama, Drazen_Prelec, Adrián_Muñoz, Beatriz_Gil-Gómez de Liaño",2020,Sep,Psychological Science,31,9,1097-1106,10.1177/0956797620929634
2020-31-8-987,Concerns About Automation and Negative Sentiment Toward Immigration,"Monica_Gamez-Djokic, Adam_Waytz",2020,Aug,Psychological Science,31,8,987-1000,10.1177/0956797620929977
2020-31-8-1013,On Intersectionality: How Complex Patterns of Discrimination Can Emerge From Simple Stereotypes,"Neil_Hester, Keith_Payne, Jazmin_Brown-Iannuzzi, Kurt_Gray",2020,Aug,Psychological Science,31,8,1013-1024,10.1177/0956797620929979
2020-31-9-1059,Changing Social Contexts to Foster Equity in College Science Courses: An Ecological-Belonging Intervention,"Kevin R._Binning, Nancy_Kaufmann, Erica M._McGreevy, Omid_Fotuhi, Susie_Chen, Emily_Marshman, Z. Yasemin_Kalender, Lisa_Limeri, Laura_Betancur, Chandralekha_Singh",2020,Sep,Psychological Science,31,9,1059-1070,10.1177/0956797620929984
2020-31-7-898,"Reflecting on the Evidence: A Reply to Knight, McShane, et al. (2020)","Gideon_Nave, Remi_Daviet, Amos_Nadler, David_Zava, Colin_Camerer",2020,Jul,Psychological Science,31,7,898-900,10.1177/0956797620930966
2020-31-9-1107,Revisiting the Suffixing Preference: Native-Language Affixation Patterns Influence Perception of Sequences,"Alexander_Martin, Jennifer_Culbertson",2020,Sep,Psychological Science,31,9,1107-1116,10.1177/0956797620931108
2020-31-9-1117,Perceiving Locations of Moving Objects Across Eyeblinks,"Gerrit W._Maus, Hannah Letitia_Goh, Matteo_Lisi",2020,Sep,Psychological Science,31,9,1117-1128,10.1177/0956797620931365
2020-31-9-1140,Disentangling Social-Genetic From Rearing-Environment Effects for Alcohol Use Disorder Using Swedish National Data,"Jessica E._Salvatore, Sara_Larsson Lönn, Jan_Sundquist, Kristina_Sundquist, Kenneth S._Kendler",2020,Sep,Psychological Science,31,9,1140-1149,10.1177/0956797620931542
2020-31-9-1161,Preverbal Infants Discover Statistical Word Patterns at Similar Rates as Adults: Evidence From Neural Entrainment,"Dawoon_Choi, Laura J._Batterink, Alexis K._Black, Ken A._Paller, Janet F._Werker",2020,Sep,Psychological Science,31,9,1161-1173,10.1177/0956797620933237
2020-31-9-1129,General Enhancement of Spatial Hearing in Congenitally Blind People,"Ceren_Battal, Valeria_Occelli, Giorgia_Bertonati, Federica_Falagiarda, Olivier_Collignon",2020,Sep,Psychological Science,31,9,1129-1139,10.1177/0956797620935584
2020-31-8-1025,The Latent Genetic Structure of Impulsivity and Its Relation to Internalizing Psychopathology,"Daniel E._Gustavson, Naomi P._Friedman, Pierre_Fontanillas, Sarah L._Elson, Abraham A._Palmer, Sandra_Sanchez-Roige, NA_NA",2020,Aug,Psychological Science,31,8,1025-1035,10.1177/0956797620938160
2020-31-7-770,Fighting COVID-19 Misinformation on Social Media: Experimental Evidence for a Scalable Accuracy-Nudge Intervention,"Gordon_Pennycook, Jonathon_McPhetres, Yunhao_Zhang, Jackson G._Lu, David G._Rand",2020,Jul,Psychological Science,31,7,770-780,10.1177/0956797620939054
2020-31-10-1340,Breaking Bread Produces Bigger Pies: An Empirical Extension of Shared Eating to Negotiations and a Commentary on Woolley and Fishbach (2019),"Jiyin_Cao, Dejun Tony_Kong, Adam D._Galinsky",2020,Oct,Psychological Science,31,10,1340-1345,10.1177/0956797620939532
2020-31-9-1150,The Effect of Repetition on Truth Judgments Across Development,"Lisa K._Fazio, Carrie L._Sherry",2020,Sep,Psychological Science,31,9,1150-1160,10.1177/0956797620939534
2020-31-9-1191,Reward Enhances Pain Discrimination in Humans,"Susanne_Becker, Martin_Löffler, Ben_Seymour",2020,Sep,Psychological Science,31,9,1191-1199,10.1177/0956797620939588
2020-31-9-1174,Delay of Gratification as Reputation Management,"Fengling_Ma, Dan_Zeng, Fen_Xu, Brian J._Compton, Gail D._Heyman",2020,Sep,Psychological Science,31,9,1174-1182,10.1177/0956797620939940
2020-31-8-1036,"Reanalysis Suggests Evidence for Motor Simulation in Naming Tools Is Limited: A Commentary on Witt, Kemmerer, Linkenauger, and Culham (2010)","Jessica K._Witt, David_Kemmerer, Sally A._Linkenauger, Jody C._Culham",2020,Aug,Psychological Science,31,8,1036-1039,10.1177/0956797620940555
2020-31-7-767,A Call for Greater Sensitivity in the Wake of a Publication Controversy,Patricia J._Bauer,2020,Jul,Psychological Science,31,7,767-769,10.1177/0956797620941482
2020-31-10-1272,Enhancing the Wisdom of the Crowd With Cognitive-Process Diversity: The Benefits of Aggregating Intuitive and Analytical Judgments,"Steffen_Keck, Wenjie_Tang",2020,Oct,Psychological Science,31,10,1272-1282,10.1177/0956797620941840
2020-31-10-1261,Effects of Selective Attention on Mean-Size Computation: Weighted Averaging and Perceptual Enlargement,"Yong Min_Choi, Sang Chul_Chong",2020,Oct,Psychological Science,31,10,1261-1271,10.1177/0956797620943834
2020-31-8-1040,Polluted Psyche: Is the Effect of Air Pollution on Unethical Behavior More Physiological or Psychological?,"Shiyang_Gong, Jackson G._Lu, John M._Schaubroeck, Qian_Li, Qiwei_Zhou, Xiaoye_Qian",2020,Aug,Psychological Science,31,8,1040-1047,10.1177/0956797620943835
2020-31-10-1245,Universal Patterns in Color-Emotion Associations Are Further Shaped by Linguistic and Geographic Proximity,"Domicele_Jonauskaite, Ahmad_Abu-Akel, Nele_Dael, Daniel_Oberfeld, Ahmed M._Abdel-Khalek, Abdulrahman S._Al-Rasheed, Jean-Philippe_Antonietti, Victoria_Bogushevskaya, Amer_Chamseddine, Eka_Chkonia, Violeta_Corona, Eduardo_Fonseca-Pedrero, Yulia A._Griber, Gina_Grimshaw, Aya Ahmed_Hasan, Jelena_Havelka, Marco_Hirnstein, Bodil S. A._Karlsson, Eric_Laurent, Marjaana_Lindeman, Lynn_Marquardt, Philip_Mefoh, Marietta_Papadatou-Pastou, Alicia_Pérez-Albéniz, Niloufar_Pouyan, Maya_Roinishvili, Lyudmyla_Romanyuk, Alejandro_Salgado Montejo, Yann_Schrag, Aygun_Sultanova, Mari_Uusküla, Suvi_Vainio, Grażyna_Wąsowicz, Sunčica_Zdravković, Meng_Zhang, Christine_Mohr",2020,Oct,Psychological Science,31,10,1245-1260,10.1177/0956797620948810
2020-31-10-1294,Moral Choice When Harming Is Unavoidable,"Jonathan Z._Berman, Daniella_Kupor",2020,Oct,Psychological Science,31,10,1294-1301,10.1177/0956797620948821
2020-31-9-1183,Finding the Pattern: On-Line Extraction of Spatial Structure During Virtual Navigation,"Kathryn N._Graves, James W._Antony, Nicholas B._Turk-Browne",2020,Sep,Psychological Science,31,9,1183-1190,10.1177/0956797620948828
2020-31-10-1302,People Reject Algorithms in Uncertain Decision Domains Because They Have Diminishing Sensitivity to Forecasting Error,"Berkeley J._Dietvorst, Soaham_Bharti",2020,Oct,Psychological Science,31,10,1302-1314,10.1177/0956797620948841
2020-31-9-1200,"Can Item Effects Explain Away the Evidence for Unconscious Sound Symbolism? An Adversarial Commentary on Heyman, Maerten, Vankrunkelsven, Voorspoels, and Moors (2019)","Hugh_Rabagliati, Pieter_Moors, Tom_Heyman",2020,Sep,Psychological Science,31,9,1200-1204,10.1177/0956797620949461
2020-31-10-1283,The Well-Being Benefits of Person-Culture Match Are Contingent on Basic Personality Traits,"Jochen E._Gebauer, Jennifer_Eck, Theresa M._Entringer, Wiebke_Bleidorn, Peter J._Rentfrow, Jeff_Potter, Samuel D._Gosling",2020,Oct,Psychological Science,31,10,1283-1293,10.1177/0956797620951115
2020-31-10-1315,Spontaneous Distractor Reactivation With Age: Evidence for Bound Target-Distractor Representations in Memory,"Tarek_Amer, K. W. Joan_Ngo, Jennifer C._Weeks, Lynn_Hasher",2020,Oct,Psychological Science,31,10,1315-1324,10.1177/0956797620951125
2020-31-10-1325,Reminders of Everyday Misinformation Statements Can Enhance Memory for and Beliefs in Corrections of Those Statements in the Short Term,"Christopher N._Wahlheim, Timothy R._Alexander, Carson D._Peske",2020,Oct,Psychological Science,31,10,1325-1339,10.1177/0956797620952797
2020-31-11-1452,Does Posture Influence the Stroop Effect?,"Emilie E._Caron, Michael G._Reynolds, Brandon C. W._Ralph, Jonathan S. A._Carriere, Derek_Besner, Daniel_Smilek",2020,Nov,Psychological Science,31,11,1452-1460,10.1177/0956797620953842
2020-31-11-1386,Positive Affect Is Associated With Less Memory Decline: Evidence From a 9-Year Longitudinal Study,"Emily F._Hittner, Jacquelyn E._Stephens, Nicholas A._Turiano, Denis_Gerstorf, Margie E._Lachman, Claudia M._Haase",2020,Nov,Psychological Science,31,11,1386-1395,10.1177/0956797620953883
2020-31-11-1396,Children’s Cognitive Reflection Predicts Conceptual Understanding in Science and Mathematics,"Andrew G._Young, Andrew_Shtulman",2020,Nov,Psychological Science,31,11,1396-1408,10.1177/0956797620954449
2020-31-11-1422,When Not Choosing Leads to Not Liking: Choice-Induced Preference in Infancy,"Alex M._Silver, Aimee E._Stahl, Rita_Loiotile, Alexis S._Smith-Flores, Lisa_Feigenson",2020,Nov,Psychological Science,31,11,1422-1429,10.1177/0956797620954491
2020-31-11-1430,The Worst-Motive Fallacy: A Negativity Bias in Motive Attribution,"Joel_Walmsley, Cathal_O’Madagain",2020,Nov,Psychological Science,31,11,1430-1438,10.1177/0956797620954492
2020-31-12-1544,The Truth Is Out There: Accuracy in Recall of Verifiable Real-World Events,"Nicholas B._Diamond, Michael J._Armson, Brian_Levine",2020,Dec,Psychological Science,31,12,1544-1556,10.1177/0956797620954812
2020-31-12-1531,Automatic Guidance (and Misguidance) of Visuospatial Attention by Acquired Scene Memory: Evidence From an N1pc Polarity Reversal,"Artyom_Zinchenko, Markus_Conci, Thomas_Töllner, Hermann J._Müller, Thomas_Geyer",2020,Dec,Psychological Science,31,12,1531-1543,10.1177/0956797620954815
2020-31-11-1461,"Preregistered Direct Replication of “Sick Body, Vigilant Mind: The Biological Immune System Activates the Behavioral Immune System”","Joshua M._Tybur, Benedict C._Jones, Lisa M._DeBruine, Joshua M._Ackerman, Vanessa_Fasolt",2020,Nov,Psychological Science,31,11,1461-1469,10.1177/0956797620955209
2020-31-11-1439,The Reflection Effect in Memory-Based Decisions,"Regina A._Weilbächer, Peter M._Kraemer, Sebastian_Gluth",2020,Nov,Psychological Science,31,11,1439-1451,10.1177/0956797620956315
2020-31-11-1351,The Negative Effect of Smartphone Use on Academic Performance May Be Overestimated: Evidence From a 2-Year Panel Study,"Andreas_Bjerre-Nielsen, Asger_Andersen, Kelton_Minor, David Dreyer_Lassen",2020,Nov,Psychological Science,31,11,1351-1362,10.1177/0956797620956613
2020-31-11-1470,Number Adaptation Can Be Dissociated From Density Adaptation,"Kevin_DeSimone, Minjung_Kim, Richard F._Murray",2020,Nov,Psychological Science,31,11,1470-1474,10.1177/0956797620956986
2020-31-12-1602,Broken Physics: A Conjunction-Fallacy Effect in Intuitive Physical Reasoning,"Ethan_Ludwin-Peery, Neil R._Bramley, Ernest_Davis, Todd M._Gureckis",2020,Dec,Psychological Science,31,12,1602-1611,10.1177/0956797620957610
2020-31-12-1585,Prosocial Influence and Opportunistic Conformity in Adolescents and Young Adults,"Gabriele_Chierchia, Blanca_Piera Pi-Sunyer, Sarah-Jayne_Blakemore",2020,Dec,Psychological Science,31,12,1585-1601,10.1177/0956797620957625
2020-31-10-1236,Relational Mobility Predicts Faster Spread of COVID-19: A 39-Country Study,"Cristina E._Salvador, Martha K._Berg, Qinggang_Yu, Alvaro_San Martin, Shinobu_Kitayama",2020,Oct,Psychological Science,31,10,1236-1244,10.1177/0956797620958118
2020-31-11-1409,Expectancy Violation Drives Memory Boost for Stressful Events,"Felix_Kalbe, Stina_Bange, Annika_Lutz, Lars_Schwabe",2020,Nov,Psychological Science,31,11,1409-1421,10.1177/0956797620958650
2020-31-12-1557,Linking Detail to Temporal Structure in Naturalistic-Event Recall,"Nicholas B._Diamond, Brian_Levine",2020,Dec,Psychological Science,31,12,1557-1572,10.1177/0956797620958651
2020-31-12-1573,The Altered Course of Learning: How Alcohol Outcome Expectancies Are Shaped by First Drinking Experiences,"Hayley_Treloar Padovano, Tim_Janssen, Alexander_Sokolovsky, Kristina M._Jackson",2020,Dec,Psychological Science,31,12,1573-1584,10.1177/0956797620959006
2020-31-10-1222,Using Machine Learning to Generate Novel Hypotheses: Increasing Optimism About COVID-19 Makes People Less Willing to Justify Unethical Behaviors,"Abhishek_Sheetal, Zhiyu_Feng, Krishna_Savani",2020,Oct,Psychological Science,31,10,1222-1235,10.1177/0956797620959594
2020-31-10-1211,Behavioral Immune Trade-Offs: Interpersonal Value Relaxes Social Pathogen Avoidance,"Joshua M._Tybur, Debra_Lieberman, Lei_Fan, Tom R._Kupfer, Reinout E._de Vries",2020,Oct,Psychological Science,31,10,1211-1221,10.1177/0956797620960011
2020-31-11-1363,The Emotional Path to Action: Empathy Promotes Physical Distancing and Wearing of Face Masks During the COVID-19 Pandemic,"Stefan_Pfattheicher, Laila_Nockur, Robert_Böhm, Claudia_Sassenrath, Michael Bang_Petersen",2020,Nov,Psychological Science,31,11,1363-1373,10.1177/0956797620964422
2020-31-12-1488,Susceptibility to Being Lured Away by a Stranger: A Real-World Field Test of Selective Trust in Early Childhood,"Qinggong_Li, Wenyu_Zhang, Gail D._Heyman, Brian J._Compton, Kang_Lee",2020,Dec,Psychological Science,31,12,1488-1496,10.1177/0956797620966526
2020-31-11-1374,Age Advantages in Emotional Experience Persist Even Under Threat From the COVID-19 Pandemic,"Laura L._Carstensen, Yochai Z._Shavit, Jessica T._Barnes",2020,Nov,Psychological Science,31,11,1374-1385,10.1177/0956797620967261
2020-31-12-1497,Playing With Fear: A Field Study in Recreational Horror,"Marc Malmdorf_Andersen, Uffe_Schjoedt, Henry_Price, Fernando E._Rosas, Coltan_Scrivner, Mathias_Clasen",2020,Dec,Psychological Science,31,12,1497-1510,10.1177/0956797620972116
2020-31-12-1479,Early Effects of the COVID-19 Pandemic on Relationship Satisfaction and Attributions,Hannah C._Williamson,2020,Dec,Psychological Science,31,12,1479-1487,10.1177/0956797620972688
2019-30-7-1106,Corrigendum: Memory for Repeated Images in Rapid-Serial-Visual-Presentation Streams of Thousands of Images,NA,2019,Jul,Psychological Science,30,7,1106-1106,10.1177/0956797619854116
2019-30-7-1107,Retraction of “The Decoy Effect as a Nudge: Boosting Hand Hygiene With a Worse Option”,NA,2019,Jul,Psychological Science,30,7,1107-1107,10.1177/0956797619858006
2019-30-8-1255,Corrigendum: Unconscious Detection of One’s Own Image,NA,2019,Aug,Psychological Science,30,8,1255-1255,10.1177/0956797619858007
2019-30-8-1253,Erratum: Mutualistic Coupling Between Vocabulary and Reasoning in Young Children: A Replication and Extension of the Study by Kievit et al. (2017),NA,2019,Aug,Psychological Science,30,8,1253-1253,10.1177/0956797619860523
2019-30-8-1254,"Corrigendum: Screens, Teens, and Psychological Well-Being: Evidence From Three Time-Use-Diary Studies",NA,2019,Aug,Psychological Science,30,8,1254-1254,10.1177/0956797619862548
2019-30-9-1410,"Corrigendum: Comparing the Effects of Hypothetical Moral Preferences on Real-Life and Hypothetical Behavior: Commentary on Bostyn, Sevenhant, and Roets (2018)",NA,2019,Sep,Psychological Science,30,9,1410-1410,10.1177/0956797619872961
2019-30-12-1792,Corrigendum: Healthy Out-Group Members Are Represented Psychologically as Infected In-Group Members,NA,2019,Dec,Psychological Science,30,12,1792-1794,10.1177/0956797619887750
2019-30-12-1790,Corrigendum: Action-Video-Game Experience Alters the Spatial Resolution of Vision,NA,2019,Dec,Psychological Science,30,12,1790-1790,10.1177/0956797619889044
2019-30-12-1791,Corrigendum: “Our Country Needs a Strong Leader Right Now”: Economic Inequality Enhances the Wish for a Strong Leader,NA,2019,Dec,Psychological Science,30,12,1791-1791,10.1177/0956797619890360
2020-31-1-110,"Corrigendum: The Gender-Equality Paradox in Science, Technology, Engineering, and Mathematics Education",NA,2020,Jan,Psychological Science,31,1,110-111,10.1177/0956797619892892
2020-31-1-109,Erratum: Hypnotic Suggestions Can Induce Rapid Change in Implicit Attitudes,NA,2020,Jan,Psychological Science,31,1,109-109,10.1177/0956797619894971
2020-31-1-112,Corrigendum: The Value of Interracial Contact for Reducing Anti-Black Bias Among Non-Black Physicians: A Cognitive Habits and Growth Evaluation (CHANGE) Study Report,NA,2020,Jan,Psychological Science,31,1,112-112,10.1177/0956797619896776
2020-31-6-760,Erratum: False Memories for Fake News During Ireland’s Abortion Referendum,NA,2020,Jun,Psychological Science,31,6,760-761,10.1177/0956797620923299
2020-31-6-762,Corrigendum: Debiasing Training Improves Decision Making in the Field,NA,2020,Jun,Psychological Science,31,6,762-762,10.1177/0956797620930211
2020-31-7-901,"Erratum: If It’s Difficult to Pronounce, It Might Not Be Risky: The Effect of Fluency on Judgment of Risk Does Not Generalize to New Stimuli",NA,2020,Jul,Psychological Science,31,7,901-901,10.1177/0956797620933249
2020-31-7-902,Corrigendum: Selectively Distracted: Divided Attention and Memory for Important Information,NA,2020,Jul,Psychological Science,31,7,902-904,10.1177/0956797620937679
2020-31-7-905,Retraction of “Declines in Religiosity Predict Increases in Violent Crime—but Not Among Countries With Relatively High Average IQ”,NA,2020,Jul,Psychological Science,31,7,905-905,10.1177/0956797620941437
2020-31-8-1048,Corrigendum: Targeted Memory Reactivation During Sleep Improves Next-Day Problem Solving,NA,2020,Aug,Psychological Science,31,8,1048-1048,10.1177/0956797620943156
2020-31-8-1050,"Corrigendum: Truth, Lies, and Gossip",NA,2020,Aug,Psychological Science,31,8,1050-1052,10.1177/0956797620944135
2020-31-8-1049,Corrigendum: In Generous Offers I Trust: The Effect of First-Offer Value on Economically Vulnerable Behaviors,NA,2020,Aug,Psychological Science,31,8,1049-1049,10.1177/0956797620944137
2020-31-8-1054,Corrigendum: The Development of Intersectional Social Prototypes,NA,2020,Aug,Psychological Science,31,8,1054-1055,10.1177/0956797620947640
2020-31-8-1053,Corrigendum: The Illusion of Consensus: A Failure to Distinguish Between True and False Consensus,NA,2020,Aug,Psychological Science,31,8,1053-1053,10.1177/0956797620948511
2020-31-9-1205,Corrigendum: Fictional First Memories,NA,2020,Sep,Psychological Science,31,9,1205-1207,10.1177/0956797620950665
2020-31-11-1475,Erratum: Reward Enhances Pain Discrimination in Humans,NA,2020,Nov,Psychological Science,31,11,1475-1475,10.1177/0956797620964027
2020-31-12-1614,Corrigendum: Using a Psychopharmacogenetic Approach To Identify the Pathways Through Which—and the People for Whom—Testosterone Promotes Aggression,NA,2020,Dec,Psychological Science,31,12,1614-1614,10.1177/0956797620971631
2020-31-12-1612,Corrigendum: Using Machine Learning to Generate Novel Hypotheses: Increasing Optimism About COVID-19 Makes People Less Willing to Justify Unethical Behaviors,NA,2020,Dec,Psychological Science,31,12,1612-1613,10.1177/0956797620972975
